evaluation/total.timesteps,evaluation/episode.final_reward,evaluation/episode.return,evaluation/episode.length,evaluation/episode.duration,evaluation/episode.normalized_return,step
25500.0,0.0,0.0,1000.0,1.591962080001831,0.0,1
70012.66,0.58,0.58,769.24,1.2562628602981567,58.0,100000
107321.72,0.74,0.74,725.22,1.1427624130249023,74.0,200000
144158.78,0.7,0.7,740.76,1.2297164678573609,70.0,300000
179767.44,0.76,0.76,702.04,1.1346288013458252,76.0,400000
217088.62,0.6,0.6,751.44,1.2579640865325927,60.0,500000
