evaluation/total.timesteps,evaluation/episode.final_reward,evaluation/episode.return,evaluation/episode.length,evaluation/episode.duration,evaluation/episode.normalized_return,step
25500.0,0.0,0.0,1000.0,1.3419905376434327,0.0,1
66755.32,0.56,0.56,680.84,0.8666367053985595,56.0,100000
99973.56,0.62,0.62,617.92,0.7780489253997803,62.0,200000
124713.8,0.9,0.9,395.0,0.4998440074920654,90.0,300000
146701.5,0.86,0.86,435.36,0.5485797643661499,86.0,400000
168728.62,0.84,0.84,478.66,0.5990595388412475,84.0,500000
