evaluation/total.timesteps,evaluation/episode.final_reward,evaluation/episode.return,evaluation/episode.length,evaluation/episode.duration,evaluation/episode.normalized_return,step
25500.0,0.0,0.0,1000.0,1.2523299360275268,0.0,1
74528.68,0.18,0.18,953.62,1.1581532335281373,18.0,100000
122124.14,0.14,0.14,949.08,1.1509114217758178,14.0,200000
169872.58,0.12,0.12,964.3,1.1483316040039062,12.0,300000
218766.84,0.02,0.02,998.02,1.2209284687042237,2.0,400000
268751.0,0.0,0.0,1000.0,1.2296742916107177,0.0,500000
