evaluation/total.timesteps,evaluation/episode.final_reward,evaluation/episode.return,evaluation/episode.length,evaluation/episode.duration,evaluation/episode.normalized_return,step
25500.0,0.0,0.0,1000.0,1.0805186796188355,0.0,1
71391.9,0.3,0.3,852.3,0.9227227067947388,30.0,100000
116236.18,0.2,0.2,914.26,0.9897820949554443,20.0,200000
163552.72,0.04,0.04,975.22,1.0451159429550172,4.0,300000
209216.92,0.2,0.2,872.86,0.9457252597808838,20.0,400000
255270.94,0.1,0.1,964.6,1.069659538269043,10.0,500000
