evaluation/total.timesteps,evaluation/episode.final_reward,evaluation/episode.return,evaluation/episode.length,evaluation/episode.duration,evaluation/episode.normalized_return,step
17850.0,0.0,0.0,700.0,0.6894116163253784,0.0,1
41538.84,0.88,0.88,230.2,0.2289091491699219,88.0,100000
50977.6,0.94,0.94,180.54,0.18025060176849364,94.0,200000
60258.16,0.9,0.9,206.4,0.20739837646484374,90.0,300000
70493.82,0.9,0.9,201.8,0.20144358158111572,90.0,400000
80708.02,0.94,0.94,193.88,0.20106425285339355,94.0,500000
