evaluation/total.timesteps,evaluation/episode.final_reward,evaluation/episode.return,evaluation/episode.length,evaluation/episode.duration,evaluation/episode.normalized_return,step
17850.0,0.0,0.0,700.0,0.7236795139312744,0.0,1
41476.64,0.88,0.88,225.56,0.2200077772140503,88.0,100000
52052.68,0.9,0.9,208.36,0.20457090377807619,90.0,200000
61213.14,0.92,0.92,191.04,0.1881461524963379,92.0,300000
70010.08,0.98,0.98,155.64,0.14880494117736817,98.0,400000
79632.68,0.86,0.86,226.84,0.22830409049987793,86.0,500000
