evaluation/total.timesteps,evaluation/episode.final_reward,evaluation/episode.return,evaluation/episode.length,evaluation/episode.duration,evaluation/episode.normalized_return,step
25500.0,0.0,0.0,1000.0,1.4586638450622558,0.0,1
64855.4,0.72,0.72,620.0,0.7778066873550415,72.0,100000
94312.78,0.84,0.84,502.38,0.6297819662094116,84.0,200000
116507.8,0.96,0.96,417.88,0.5173281097412109,96.0,300000
139189.48,0.84,0.84,486.6,0.6059126806259155,84.0,400000
165080.8,0.88,0.88,534.64,0.7455026531219482,88.0,500000
