evaluation/total.timesteps,evaluation/episode.final_reward,evaluation/episode.return,evaluation/episode.length,evaluation/episode.duration,evaluation/episode.normalized_return,step
17850.0,0.0,0.0,700.0,0.7423455095291138,0.0,1
46709.54,0.52,0.52,464.56,0.46091011524200437,52.0,100000
71207.14,0.48,0.48,521.76,0.5247174024581909,48.0,200000
98362.6,0.36,0.36,540.52,0.5333927392959594,36.0,300000
122479.08,0.58,0.58,447.4,0.4502299928665161,58.0,400000
143999.68,0.62,0.62,401.08,0.392636661529541,62.0,500000
