evaluation/total.timesteps,evaluation/episode.final_reward,evaluation/episode.return,evaluation/episode.length,evaluation/episode.duration,evaluation/episode.normalized_return,step
17850.0,0.0,0.0,700.0,0.9875363636016846,0.0,1
40674.98,0.94,0.94,246.04,0.3250122594833374,94.0,100000
53820.72,0.94,0.94,238.96,0.3156372880935669,94.0,200000
67802.44,0.78,0.78,316.5,0.4239588689804077,78.0,300000
81180.46,0.92,0.92,246.96,0.3317889356613159,92.0,400000
94103.7,0.86,0.86,244.3,0.3240240240097046,86.0,500000
