evaluation/total.timesteps,evaluation/episode.final_reward,evaluation/episode.return,evaluation/episode.length,evaluation/episode.duration,evaluation/episode.normalized_return,step
17850.0,0.0,0.0,700.0,1.0632449293136597,0.0,1
45886.86,0.56,0.56,432.26,0.649779987335205,56.0,100000
62546.84,0.9,0.9,240.96,0.3418892526626587,90.0,200000
74443.02,0.9,0.9,232.16,0.34037534236907957,90.0,300000
85534.82,0.92,0.92,210.06,0.2863381576538086,92.0,400000
96077.72,0.86,0.86,235.7,0.35109786987304686,86.0,500000
