evaluation/total.timesteps,evaluation/episode.final_reward,evaluation/episode.return,evaluation/episode.length,evaluation/episode.duration,evaluation/episode.normalized_return,step
17850.0,0.0,0.0,700.0,0.6936041307449341,0.0,1
41638.12,0.84,0.84,248.16,0.2404758882522583,84.0,100000
52625.24,0.9,0.9,206.42,0.2035009765625,90.0,200000
62481.78,0.94,0.94,193.2,0.18951128005981446,94.0,300000
71862.18,0.98,0.98,165.2,0.16057418823242187,98.0,400000
80895.24,0.94,0.94,188.36,0.19784632205963135,94.0,500000
