evaluation/total.timesteps,evaluation/episode.final_reward,evaluation/episode.return,evaluation/episode.length,evaluation/episode.duration,evaluation/episode.normalized_return,step
17850.0,0.0,0.0,700.0,1.35862557888031,0.0,1
44868.54,0.72,0.72,373.22,0.4350627088546753,72.0,100000
62352.9,0.78,0.78,323.98,0.37424046993255616,78.0,200000
78674.72,0.78,0.78,331.46,0.3924637985229492,78.0,300000
95409.32,0.82,0.82,334.34,0.3851422739028931,82.0,400000
112506.8,0.68,0.68,365.58,0.4293274688720703,68.0,500000
