evaluation/total.timesteps,evaluation/episode.final_reward,evaluation/episode.return,evaluation/episode.length,evaluation/episode.duration,evaluation/episode.normalized_return,step
17850.0,0.0,0.0,700.0,1.1093762731552124,0.0,1
46732.42,0.7,0.7,455.64,0.6654986763000488,70.0,100000
66378.18,0.78,0.78,354.12,0.5213695335388183,78.0,200000
82576.98,0.82,0.82,308.3,0.45066810131073,82.0,300000
97427.7,0.9,0.9,260.6,0.37088159561157225,90.0,400000
109840.56,0.9,0.9,242.32,0.3686644887924194,90.0,500000
