evaluation/total.timesteps,evaluation/episode.final_reward,evaluation/episode.return,evaluation/episode.length,evaluation/episode.duration,evaluation/episode.normalized_return,step
25500.0,0.0,0.0,1000.0,1.0855709791183472,0.0,1
73014.08,0.2,0.2,900.2,0.9743662929534912,20.0,100000
120419.04,0.06,0.06,989.54,1.052422170639038,6.0,200000
168931.2,0.04,0.04,975.72,1.0642901515960694,4.0,300000
215232.72,0.26,0.26,863.68,0.9357897901535034,26.0,400000
260864.74,0.1,0.1,954.06,1.0279416751861572,10.0,500000
