evaluation/total.timesteps,evaluation/episode.final_reward,evaluation/episode.return,evaluation/episode.length,evaluation/episode.duration,evaluation/episode.normalized_return,step
25500.0,0.0,0.0,1000.0,1.097723398208618,0.0,1
69287.44,0.46,0.46,741.68,0.813447380065918,46.0,100000
107577.56,0.3,0.3,829.36,0.9169668102264404,30.0,200000
148812.26,0.32,0.32,834.78,0.9258439254760742,32.0,300000
193938.96,0.14,0.14,937.02,1.02047034740448,14.0,400000
241623.74,0.12,0.12,958.26,1.0533653593063355,12.0,500000
