evaluation/total.timesteps,evaluation/episode.final_reward,evaluation/episode.return,evaluation/episode.length,evaluation/episode.duration,evaluation/episode.normalized_return,step
25500.0,0.0,0.0,1000.0,1.22496648311615,0.0,1
75238.18,0.04,0.04,987.26,1.183648133277893,4.0,100000
124385.68,0.16,0.16,962.38,1.134927806854248,16.0,200000
171661.62,0.2,0.2,943.68,1.1144860219955444,20.0,300000
218445.32,0.22,0.22,942.3,1.126152000427246,22.0,400000
265201.38,0.24,0.24,924.94,1.1069811391830444,24.0,500000
