evaluation/total.timesteps,evaluation/episode.final_reward,evaluation/episode.return,evaluation/episode.length,evaluation/episode.duration,evaluation/episode.normalized_return,step
17850.0,0.0,0.0,700.0,0.6938621425628662,0.0,1
44776.34,0.86,0.86,380.2,0.3708053112030029,86.0,100000
66186.88,0.38,0.38,522.08,0.5159602069854736,38.0,200000
93671.3,0.44,0.44,508.06,0.5181511402130127,44.0,300000
115341.44,0.68,0.68,381.98,0.3814693593978882,68.0,400000
138007.68,0.44,0.44,513.54,0.5209271383285522,44.0,500000
