evaluation/total.timesteps,evaluation/episode.final_reward,evaluation/episode.return,evaluation/episode.length,evaluation/episode.duration,evaluation/episode.normalized_return,step
25500.0,0.0,0.0,1000.0,1.1182423162460327,0.0,1
71514.8,0.4,0.4,810.84,0.8914228534698486,40.0,100000
111453.8,0.28,0.28,824.3,0.9001128387451172,28.0,200000
152981.02,0.36,0.36,807.94,0.8647102832794189,36.0,300000
193153.36,0.22,0.22,855.58,0.9514048624038697,22.0,400000
239693.14,0.12,0.12,962.92,1.0554987907409668,12.0,500000
