evaluation/total.timesteps,evaluation/episode.final_reward,evaluation/episode.return,evaluation/episode.length,evaluation/episode.duration,evaluation/episode.normalized_return,step
25500.0,0.0,0.0,1000.0,1.0935136556625367,0.0,1
70407.34,0.4,0.4,787.84,0.869880576133728,40.0,100000
112204.84,0.18,0.18,897.54,0.9827541303634644,18.0,200000
152891.92,0.42,0.42,774.28,0.836341700553894,42.0,300000
195312.92,0.2,0.2,883.12,0.9773524141311646,20.0,400000
241416.92,0.12,0.12,954.94,1.0240416955947875,12.0,500000
