evaluation/total.timesteps,evaluation/episode.final_reward,evaluation/episode.return,evaluation/episode.length,evaluation/episode.duration,evaluation/episode.normalized_return,step
17850.0,0.0,0.0,700.0,0.6986949300765991,0.0,1
48625.66,0.5,0.5,510.06,0.5007152843475342,50.0,100000
71387.08,0.64,0.64,439.62,0.4514256477355957,64.0,200000
94141.76,0.6,0.6,448.94,0.44014936923980713,60.0,300000
114350.5,0.8,0.8,324.88,0.325179762840271,80.0,400000
130314.72,0.78,0.78,334.98,0.323776969909668,78.0,500000
