evaluation/total.timesteps,evaluation/episode.final_reward,evaluation/episode.return,evaluation/episode.length,evaluation/episode.duration,evaluation/episode.normalized_return,step
17850.0,0.0,0.0,700.0,1.0080690097808838,0.0,1
48053.68,0.64,0.64,499.66,0.6590797185897828,64.0,100000
74207.26,0.5,0.5,534.9,0.7094583654403687,50.0,200000
99765.1,0.6,0.6,513.58,0.6798035287857056,60.0,300000
125642.98,0.46,0.46,508.28,0.6833306217193603,46.0,400000
150895.16,0.5,0.5,520.98,0.7053250885009765,50.0,500000
