evaluation/total.timesteps,evaluation/episode.final_reward,evaluation/episode.return,evaluation/episode.length,evaluation/episode.duration,evaluation/episode.normalized_return,step
25500.0,0.0,0.0,1000.0,1.1116747093200683,0.0,1
73041.72,0.18,0.18,920.54,1.0254825687408446,18.0,100000
119561.06,0.1,0.1,951.0,1.051782283782959,10.0,200000
168183.92,0.08,0.08,950.98,1.0560913181304932,8.0,300000
214546.56,0.12,0.12,938.2,1.0367373371124267,12.0,400000
263294.78,0.06,0.06,959.46,1.0738273572921753,6.0,500000
