evaluation/total.timesteps,evaluation/episode.final_reward,evaluation/episode.return,evaluation/episode.length,evaluation/episode.duration,evaluation/episode.normalized_return,step
25500.0,0.0,0.0,1000.0,8.97127685546875,0.0,1
67821.84,0.52,0.52,736.94,6.760093898773193,52.0,100000
101700.26,0.68,0.68,601.06,6.469773707389831,68.0,200000
130399.76,0.84,0.84,551.66,7.35872435092926,84.0,300000
158263.86,0.86,0.86,507.08,4.6994946098327635,86.0,400000
183100.38,0.8,0.8,499.18,4.630259056091308,80.0,500000
