evaluation/total.timesteps,evaluation/episode.final_reward,evaluation/episode.return,evaluation/episode.length,evaluation/episode.duration,evaluation/episode.normalized_return,step
17850.0,0.0,0.0,700.0,1.0193604516983032,0.0,1
38887.36,0.96,0.96,170.34,0.2328677988052368,96.0,100000
47981.58,0.94,0.94,170.52,0.2590247297286987,94.0,200000
56417.88,0.96,0.96,163.8,0.2377020788192749,96.0,300000
64257.66,0.98,0.98,148.46,0.20454481601715088,98.0,400000
71251.9,0.98,0.98,146.22,0.19921215534210204,98.0,500000
