evaluation/total.timesteps,evaluation/episode.final_reward,evaluation/episode.return,evaluation/episode.length,evaluation/episode.duration,evaluation/episode.normalized_return,step
25500.0,0.0,0.0,1000.0,1.7646795463562013,0.0,1
68072.14,0.54,0.54,715.04,1.0158375692367554,54.0,100000
106814.46,0.42,0.42,797.5,1.1345931434631347,42.0,200000
144298.08,0.54,0.54,701.3,1.0055874013900756,54.0,300000
176872.74,0.78,0.78,596.68,0.8481796216964722,78.0,400000
208464.38,0.54,0.54,726.36,1.0411659717559814,54.0,500000
