evaluation/total.timesteps,evaluation/episode.final_reward,evaluation/episode.return,evaluation/episode.length,evaluation/episode.duration,evaluation/episode.normalized_return,step
25500.0,0.0,0.0,1000.0,1.7460001850128173,0.0,1
71404.12,0.44,0.44,859.48,1.4786711072921752,44.0,100000
112155.72,0.72,0.72,741.8,1.1704746675491333,72.0,200000
150002.28,0.64,0.64,783.3,1.3116896390914916,64.0,300000
187643.8,0.68,0.68,723.58,1.2258234930038452,68.0,400000
224825.82,0.76,0.76,748.4,1.262124924659729,76.0,500000
