evaluation/total.timesteps,evaluation/episode.final_reward,evaluation/episode.return,evaluation/episode.length,evaluation/episode.duration,evaluation/episode.normalized_return,step
25500.0,0.0,0.0,1000.0,1.1061659049987793,0.0,1
70213.56,0.4,0.4,772.64,0.8567655086517334,40.0,100000
111433.44,0.24,0.24,852.38,0.9437195301055908,24.0,200000
151918.76,0.36,0.36,817.9,0.9009171295166015,36.0,300000
193501.24,0.2,0.2,868.38,0.966951732635498,20.0,400000
240432.16,0.08,0.08,969.72,1.0874681901931762,8.0,500000
