evaluation/total.timesteps,evaluation/episode.final_reward,evaluation/episode.return,evaluation/episode.length,evaluation/episode.duration,evaluation/episode.normalized_return,step
25500.0,0.0,0.0,1000.0,1.2082595014572144,0.0,1
74768.74,0.18,0.18,969.98,1.1652896451950072,18.0,100000
123736.44,0.04,0.04,992.08,1.2048697519302367,4.0,200000
173398.54,0.12,0.12,983.66,1.1780133628845215,12.0,300000
222638.2,0.04,0.04,989.6,1.2264752960205079,4.0,400000
272266.0,0.0,0.0,1000.0,1.2169668579101562,0.0,500000
