evaluation/total.timesteps,evaluation/episode.final_reward,evaluation/episode.return,evaluation/episode.length,evaluation/episode.duration,evaluation/episode.normalized_return,step
17850.0,0.0,0.0,700.0,0.7463771104812622,0.0,1
45347.52,0.6,0.6,437.7,0.45329530715942384,60.0,100000
71125.5,0.36,0.36,559.26,0.5551095104217529,36.0,200000
96983.5,0.54,0.54,451.4,0.4591642713546753,54.0,300000
117331.72,0.72,0.72,380.86,0.37339295864105226,72.0,400000
136873.8,0.6,0.6,419.66,0.42819856643676757,60.0,500000
