evaluation/total.timesteps,evaluation/episode.final_reward,evaluation/episode.return,evaluation/episode.length,evaluation/episode.duration,evaluation/episode.normalized_return,step
25500.0,0.0,0.0,1000.0,1.3990058994293213,0.0,1
63450.98,0.78,0.78,500.16,0.6282730436325074,78.0,100000
89003.18,0.86,0.86,511.4,0.782503433227539,86.0,200000
115299.98,0.78,0.78,520.92,0.7712785387039185,78.0,300000
136821.76,0.94,0.94,391.08,0.6079182624816895,94.0,400000
157697.58,0.94,0.94,438.72,0.6342511177062988,94.0,500000
