evaluation/total.timesteps,evaluation/episode.final_reward,evaluation/episode.return,evaluation/episode.length,evaluation/episode.duration,evaluation/episode.normalized_return,step
25500.0,0.0,0.0,1000.0,1.1765130138397217,0.0,1
74904.62,0.1,0.1,976.78,1.1813880157470704,10.0,100000
123594.94,0.08,0.08,973.94,1.1837923765182494,8.0,200000
172827.96,0.04,0.04,991.52,1.1991466999053955,4.0,300000
222271.68,0.06,0.06,985.64,1.2303133964538575,6.0,400000
271856.2,0.02,0.02,997.9,1.232021312713623,2.0,500000
