evaluation/total.timesteps,evaluation/episode.final_reward,evaluation/episode.return,evaluation/episode.length,evaluation/episode.duration,evaluation/episode.normalized_return,step
25500.0,0.0,0.0,1000.0,1.4870524024963379,0.0,1
67199.22,0.6,0.6,682.86,0.8672373342514038,60.0,100000
98738.1,0.78,0.78,550.16,0.6878671360015869,78.0,200000
126352.44,0.78,0.78,562.52,0.705937237739563,78.0,300000
157066.26,0.76,0.76,669.04,0.8403613471984863,76.0,400000
186407.88,0.92,0.92,516.76,0.645688443183899,92.0,500000
