evaluation/total.timesteps,evaluation/episode.final_reward,evaluation/episode.return,evaluation/episode.length,evaluation/episode.duration,evaluation/episode.normalized_return,step
25500.0,0.0,0.0,1000.0,1.0842125701904297,0.0,1
71455.52,0.3,0.3,852.54,0.9271439027786255,30.0,100000
116035.74,0.18,0.18,919.1,1.0065326833724975,18.0,200000
163517.1,0.04,0.04,971.72,1.062519154548645,4.0,300000
211298.62,0.2,0.2,908.22,0.9917379522323608,20.0,400000
257341.16,0.1,0.1,953.88,1.046331377029419,10.0,500000
