evaluation/total.timesteps,evaluation/episode.final_reward,evaluation/episode.return,evaluation/episode.length,evaluation/episode.duration,evaluation/episode.normalized_return,step
25500.0,0.0,0.0,1000.0,1.952793025970459,0.0,1
61700.64,0.8,0.8,497.58,0.6196077585220336,80.0,100000
87752.38,0.82,0.82,464.54,0.5813799047470093,82.0,200000
109432.7,0.86,0.86,445.52,0.5539638662338257,86.0,300000
131514.62,0.84,0.84,436.66,0.544831223487854,84.0,400000
155100.88,0.8,0.8,472.66,0.5901669263839722,80.0,500000
