evaluation/total.timesteps,evaluation/episode.final_reward,evaluation/episode.return,evaluation/episode.length,evaluation/episode.duration,evaluation/episode.normalized_return,step
25500.0,0.0,0.0,1000.0,9.130547633171082,0.0,1
66863.06,0.74,0.74,627.12,5.799169492721558,74.0,100000
96845.74,0.88,0.88,600.12,5.534528274536132,88.0,200000
125182.7,0.88,0.88,531.14,4.881032791137695,88.0,300000
150104.36,0.86,0.86,491.9,4.541732234954834,86.0,400000
177430.06,0.84,0.84,536.3,4.93238796710968,84.0,500000
