evaluation/total.timesteps,evaluation/episode.final_reward,evaluation/episode.return,evaluation/episode.length,evaluation/episode.duration,evaluation/episode.normalized_return,step
25500.0,0.0,0.0,1000.0,1.1596191215515137,0.0,1
69910.22,0.46,0.46,783.82,0.8742079496383667,46.0,100000
112942.92,0.12,0.12,937.58,1.0534675598144532,12.0,200000
159841.24,0.12,0.12,936.9,1.0374382257461547,12.0,300000
206255.32,0.2,0.2,919.06,1.0177023267745973,20.0,400000
254000.6,0.08,0.08,968.62,1.0841168832778931,8.0,500000
