evaluation/total.timesteps,evaluation/episode.final_reward,evaluation/episode.return,evaluation/episode.length,evaluation/episode.duration,evaluation/episode.normalized_return,step
17850.0,0.0,0.0,700.0,0.6828145122528076,0.0,1
40996.42,0.88,0.88,230.84,0.22526031970977783,88.0,100000
53159.3,0.78,0.78,270.48,0.26837563037872314,78.0,200000
64227.6,0.98,0.98,158.96,0.15533960342407227,98.0,300000
73254.9,0.92,0.92,195.6,0.1976418352127075,92.0,400000
82159.72,0.98,0.98,169.58,0.16596054553985595,98.0,500000
