evaluation/total.timesteps,evaluation/episode.final_reward,evaluation/episode.return,evaluation/episode.length,evaluation/episode.duration,evaluation/episode.normalized_return,step
25500.0,0.0,0.0,1000.0,1.5136919736862182,0.0,1
67332.96,0.64,0.64,698.18,0.8834414577484131,64.0,100000
101461.02,0.78,0.78,643.82,0.8124336719512939,78.0,200000
133158.16,0.8,0.8,643.32,0.8067435884475708,80.0,300000
165906.12,0.62,0.62,648.18,0.8174398756027221,62.0,400000
200078.58,0.56,0.56,749.36,0.9601276683807373,56.0,500000
