evaluation/total.timesteps,evaluation/episode.final_reward,evaluation/episode.return,evaluation/episode.length,evaluation/episode.duration,evaluation/episode.normalized_return,step
25500.0,0.0,0.0,1000.0,1.0878537797927856,0.0,1
70739.92,0.42,0.42,780.34,0.8477480506896973,42.0,100000
111918.6,0.18,0.18,877.72,0.9514678764343262,18.0,200000
155444.46,0.22,0.22,863.38,0.9388990926742554,22.0,300000
199755.26,0.18,0.18,886.7,0.9622334718704224,18.0,400000
241818.06,0.42,0.42,834.26,0.8950513935089112,42.0,500000
