evaluation/total.timesteps,evaluation/episode.final_reward,evaluation/episode.return,evaluation/episode.length,evaluation/episode.duration,evaluation/episode.normalized_return,step
17850.0,0.0,0.0,700.0,0.6891669178009033,0.0,1
47753.28,0.5,0.5,507.48,0.49336134910583496,50.0,100000
72027.1,0.6,0.6,455.66,0.45183831691741944,60.0,200000
91966.94,0.76,0.76,354.24,0.34249200820922854,76.0,300000
108374.42,0.76,0.76,324.6,0.3191482830047607,76.0,400000
124855.72,0.82,0.82,305.64,0.3027880811691284,82.0,500000
