evaluation/total.timesteps,evaluation/episode.final_reward,evaluation/episode.return,evaluation/episode.length,evaluation/episode.duration,evaluation/episode.normalized_return,step
25500.0,0.0,0.0,1000.0,1.2421371269226074,0.0,1
74784.62,0.14,0.14,967.2,1.1937518405914307,14.0,100000
122963.92,0.08,0.08,975.36,1.1976110172271728,8.0,200000
171043.74,0.2,0.2,941.52,1.1668905067443847,20.0,300000
219477.24,0.04,0.04,992.6,1.2318447875976561,4.0,400000
269201.52,0.02,0.02,997.24,1.2054821825027466,2.0,500000
