evaluation/total.timesteps,evaluation/episode.final_reward,evaluation/episode.return,evaluation/episode.length,evaluation/episode.duration,evaluation/episode.normalized_return,step
25500.0,0.0,0.0,1000.0,9.635000915527344,0.0,1
62395.44,0.78,0.78,512.66,4.686943359375,78.0,100000
89017.98,0.78,0.78,533.0,4.906150197982788,78.0,200000
114403.98,0.8,0.8,487.1,4.497015957832336,80.0,300000
137082.54,0.86,0.86,423.4,3.8717414808273314,86.0,400000
158415.36,0.92,0.92,399.6,3.657288236618042,92.0,500000
