evaluation/total.timesteps,evaluation/episode.final_reward,evaluation/episode.return,evaluation/episode.length,evaluation/episode.duration,evaluation/episode.normalized_return,step
25500.0,0.0,0.0,1000.0,1.0275104284286498,0.0,1
68087.36,0.6,0.6,726.26,0.7833844757080078,60.0,100000
101907.8,0.76,0.76,594.54,0.6468994188308715,76.0,200000
128424.9,0.76,0.76,534.84,0.5702908420562744,76.0,300000
159961.08,0.54,0.54,666.56,0.7025151920318603,54.0,400000
192062.42,0.6,0.6,642.34,0.6810867977142334,60.0,500000
