evaluation/total.timesteps,evaluation/episode.final_reward,evaluation/episode.return,evaluation/episode.length,evaluation/episode.duration,evaluation/episode.normalized_return,step
17850.0,0.0,0.0,700.0,1.0553394031524659,0.0,1
46038.42,0.54,0.54,452.5,0.6687101936340332,54.0,100000
62539.08,0.98,0.98,192.18,0.29992033004760743,98.0,200000
73326.32,0.9,0.9,227.72,0.3154317283630371,90.0,300000
83245.14,0.98,0.98,172.32,0.24081624031066895,98.0,400000
93243.94,0.84,0.84,252.34,0.4018120908737183,84.0,500000
