evaluation/total.timesteps,evaluation/episode.final_reward,evaluation/episode.return,evaluation/episode.length,evaluation/episode.duration,evaluation/episode.normalized_return,step
17850.0,0.0,0.0,700.0,0.6789449644088745,0.0,1
42192.3,0.82,0.82,263.72,0.25610779285430907,82.0,100000
52126.26,0.98,0.98,160.82,0.15388242721557618,98.0,200000
60856.6,0.94,0.94,178.28,0.17258325099945068,94.0,300000
69712.04,0.96,0.96,181.86,0.22555421352386473,96.0,400000
78543.52,0.98,0.98,168.48,0.21516471862792969,98.0,500000
