evaluation/total.timesteps,evaluation/episode.final_reward,evaluation/episode.return,evaluation/episode.length,evaluation/episode.duration,evaluation/episode.normalized_return,step
25500.0,0.0,0.0,1000.0,1.216400008201599,0.0,1
75352.22,0.06,0.06,992.02,1.19767972946167,6.0,100000
122559.36,0.34,0.34,912.92,1.088457407951355,34.0,200000
167649.06,0.44,0.44,870.72,1.0289601230621337,44.0,300000
211817.26,0.32,0.32,890.88,1.0681250715255737,32.0,400000
254649.5,0.58,0.58,823.48,0.9815575075149536,58.0,500000
