evaluation/total.timesteps,evaluation/episode.final_reward,evaluation/episode.return,evaluation/episode.length,evaluation/episode.duration,evaluation/episode.normalized_return,step
17850.0,0.0,0.0,700.0,5.434601936340332,0.0,1
39665.7,0.98,0.98,178.78,1.2210402965545655,98.0,100000
48043.64,0.98,0.98,167.82,1.1515140199661256,98.0,200000
57100.84,0.94,0.94,176.26,1.4599234390258788,94.0,300000
65764.72,0.94,0.94,187.9,2.6756246757507323,94.0,400000
74848.78,0.98,0.98,162.74,1.3781358480453492,98.0,500000
