evaluation/total.timesteps,evaluation/episode.final_reward,evaluation/episode.return,evaluation/episode.length,evaluation/episode.duration,evaluation/episode.normalized_return,step
25500.0,0.0,0.0,1000.0,1.2351480627059936,0.0,1
75054.52,0.12,0.12,980.76,1.2224399709701539,12.0,100000
124091.02,0.1,0.1,976.08,1.226309061050415,10.0,200000
173089.88,0.06,0.06,990.3,1.2214047384262086,6.0,300000
222745.68,0.02,0.02,995.16,1.269764437675476,2.0,400000
272615.0,0.0,0.0,1000.0,1.2633220672607421,0.0,500000
