evaluation/total.timesteps,evaluation/episode.final_reward,evaluation/episode.return,evaluation/episode.length,evaluation/episode.duration,evaluation/episode.normalized_return,step
17850.0,0.0,0.0,700.0,1.124996771812439,0.0,1
41906.12,0.84,0.84,301.08,0.3944729471206665,84.0,100000
58522.12,0.84,0.84,326.08,0.4366311550140381,84.0,200000
72682.38,0.86,0.86,268.76,0.36820313453674314,86.0,300000
85424.98,0.92,0.92,217.22,0.2889654922485352,92.0,400000
97128.52,0.82,0.82,269.18,0.35751805782318113,82.0,500000
