evaluation/total.timesteps,evaluation/episode.final_reward,evaluation/episode.return,evaluation/episode.length,evaluation/episode.duration,evaluation/episode.normalized_return,step
17850.0,0.0,0.0,700.0,5.818728942871093,0.0,1
40051.48,0.94,0.94,175.94,1.4588813161849976,94.0,100000
48085.92,0.9,0.9,190.94,1.5999835348129272,90.0,200000
57294.62,0.98,0.98,148.22,1.2155974578857422,98.0,300000
64525.46,0.96,0.96,160.32,1.3118927478790283,96.0,400000
72389.88,1.0,1.0,143.74,1.196960244178772,100.0,500000
