evaluation/total.timesteps,evaluation/episode.final_reward,evaluation/episode.return,evaluation/episode.length,evaluation/episode.duration,evaluation/episode.normalized_return,step
25500.0,0.0,0.0,1000.0,1.2296109294891358,0.0,1
73730.48,0.34,0.34,915.4,1.1299800539016724,34.0,100000
120191.9,0.16,0.16,961.02,1.1910814952850342,16.0,200000
168622.02,0.08,0.08,981.88,1.1991942358016967,8.0,300000
218218.06,0.04,0.04,993.98,1.2172714948654175,4.0,400000
267675.6,0.04,0.04,985.68,1.2074338579177857,4.0,500000
