evaluation/total.timesteps,evaluation/episode.final_reward,evaluation/episode.return,evaluation/episode.length,evaluation/episode.duration,evaluation/episode.normalized_return,step
25500.0,0.0,0.0,1000.0,2.1014055681228636,0.0,1
66111.74,0.66,0.66,631.18,0.7909705400466919,66.0,100000
98530.0,0.66,0.66,655.76,0.8206785678863525,66.0,200000
132614.16,0.58,0.58,726.54,0.9023271036148072,58.0,300000
166479.5,0.62,0.62,616.56,0.762620882987976,62.0,400000
195951.84,0.72,0.72,587.96,0.7425831127166748,72.0,500000
