evaluation/total.timesteps,evaluation/episode.final_reward,evaluation/episode.return,evaluation/episode.length,evaluation/episode.duration,evaluation/episode.normalized_return,step
25500.0,0.0,0.0,1000.0,1.6210949325561523,0.0,1
75237.84,0.08,0.08,985.08,1.542534909248352,8.0,100000
123420.54,0.24,0.24,937.52,1.4658498239517213,24.0,200000
166468.52,0.52,0.52,815.06,1.26148362159729,52.0,300000
205824.28,0.68,0.68,743.12,1.1605582332611084,68.0,400000
243600.78,0.64,0.64,767.3,1.2019701242446899,64.0,500000
