evaluation/total.timesteps,evaluation/episode.final_reward,evaluation/episode.return,evaluation/episode.length,evaluation/episode.duration,evaluation/episode.normalized_return,step
25500.0,0.0,0.0,1000.0,1.0803227853775024,0.0,1
73737.44,0.22,0.22,890.7,0.9739852476119996,22.0,100000
117957.12,0.18,0.18,931.7,1.0132555198669433,18.0,200000
164629.76,0.12,0.12,930.28,1.0031358194351196,12.0,300000
212096.28,0.16,0.16,944.32,1.0346370983123778,16.0,400000
259624.74,0.06,0.06,976.46,1.0645147037506104,6.0,500000
