evaluation/total.timesteps,evaluation/episode.final_reward,evaluation/episode.return,evaluation/episode.length,evaluation/episode.duration,evaluation/episode.normalized_return,step
25500.0,0.0,0.0,1000.0,1.1396151399612426,0.0,1
72946.76,0.18,0.18,900.8,1.0268739175796509,18.0,100000
120356.28,0.04,0.04,981.72,1.1163438415527345,4.0,200000
169058.76,0.04,0.04,976.0,1.1037251234054566,4.0,300000
214537.54,0.26,0.26,873.24,0.9927394914627076,26.0,400000
259966.92,0.16,0.16,932.72,1.0669536447525025,16.0,500000
