evaluation/total.timesteps,evaluation/episode.final_reward,evaluation/episode.return,evaluation/episode.length,evaluation/episode.duration,evaluation/episode.normalized_return,step
17850.0,0.0,0.0,700.0,0.7499262714385986,0.0,1
49277.4,0.48,0.48,544.46,0.5517456197738647,48.0,100000
74388.8,0.56,0.56,473.92,0.46649988651275637,56.0,200000
96430.38,0.58,0.58,427.42,0.4299778890609741,58.0,300000
113975.6,0.92,0.92,267.9,0.2635953330993652,92.0,400000
130780.42,0.6,0.6,431.66,0.4453008270263672,60.0,500000
