evaluation/total.timesteps,evaluation/episode.final_reward,evaluation/episode.return,evaluation/episode.length,evaluation/episode.duration,evaluation/episode.normalized_return,step
17850.0,0.0,0.0,700.0,0.6952917337417602,0.0,1
47267.7,0.56,0.56,495.44,0.48927922248840333,56.0,100000
71160.78,0.66,0.66,444.48,0.44442092418670653,66.0,200000
91414.38,0.62,0.62,415.84,0.4045295000076294,62.0,300000
111155.8,0.74,0.74,347.9,0.34658209323883055,74.0,400000
128192.76,0.8,0.8,332.68,0.3307906198501587,80.0,500000
