evaluation/total.timesteps,evaluation/episode.final_reward,evaluation/episode.return,evaluation/episode.length,evaluation/episode.duration,evaluation/episode.normalized_return,step
25500.0,0.0,0.0,1000.0,1.2416337633132934,0.0,1
74369.02,0.14,0.14,968.44,1.1650719022750855,14.0,100000
123527.16,0.1,0.1,985.06,1.1912311983108521,10.0,200000
172604.68,0.12,0.12,975.16,1.1776808214187622,12.0,300000
221916.44,0.02,0.02,994.48,1.222151837348938,2.0,400000
271574.68,0.04,0.04,995.56,1.2110753870010376,4.0,500000
