evaluation/total.timesteps,evaluation/episode.final_reward,evaluation/episode.return,evaluation/episode.length,evaluation/episode.duration,evaluation/episode.normalized_return,step
17850.0,0.0,0.0,700.0,0.7306425619125366,0.0,1
48525.24,0.42,0.42,526.14,0.5306096410751343,42.0,100000
73819.42,0.5,0.5,487.92,0.4920720386505127,50.0,200000
96415.46,0.62,0.62,395.8,0.39280885219573974,62.0,300000
117575.0,0.56,0.56,448.36,0.4433279323577881,56.0,400000
139056.68,0.66,0.66,431.1,0.4267289257049561,66.0,500000
