evaluation/total.timesteps,evaluation/episode.final_reward,evaluation/episode.return,evaluation/episode.length,evaluation/episode.duration,evaluation/episode.normalized_return,step
25500.0,0.0,0.0,1000.0,1.4292726516723633,0.0,1
64491.38,0.8,0.8,603.84,0.8339730978012085,80.0,100000
94143.94,0.9,0.9,536.88,0.7341930723190307,90.0,200000
122417.78,0.78,0.78,599.9,0.8234089374542236,78.0,300000
150455.14,0.86,0.86,537.86,0.7305313491821289,86.0,400000
177070.76,0.88,0.88,532.1,0.7310691213607788,88.0,500000
