evaluation/total.timesteps,evaluation/episode.final_reward,evaluation/episode.return,evaluation/episode.length,evaluation/episode.duration,evaluation/episode.normalized_return,step
25500.0,0.0,0.0,1000.0,1.663982720375061,0.0,1
74500.7,0.18,0.18,964.66,1.4432637453079225,18.0,100000
122206.92,0.14,0.14,954.18,1.1271506118774415,14.0,200000
170834.5,0.12,0.12,974.3,1.1605980539321898,12.0,300000
219911.18,0.04,0.04,993.58,1.626320595741272,4.0,400000
269836.0,0.0,0.0,1000.0,1.340649209022522,0.0,500000
