evaluation/total.timesteps,evaluation/episode.final_reward,evaluation/episode.return,evaluation/episode.length,evaluation/episode.duration,evaluation/episode.normalized_return,step
17850.0,0.0,0.0,700.0,4.158603043556213,0.0,1
40187.3,0.94,0.94,201.14,1.1091678142547607,94.0,100000
49392.52,0.98,0.98,165.96,1.9395155334472656,98.0,200000
58542.6,0.9,0.9,201.88,3.199299612045288,90.0,300000
68165.12,0.96,0.96,183.92,0.277685866355896,96.0,400000
77579.28,0.92,0.92,202.56,0.30531265258789064,92.0,500000
