evaluation/total.timesteps,evaluation/episode.final_reward,evaluation/episode.return,evaluation/episode.length,evaluation/episode.duration,evaluation/episode.normalized_return,step
25500.0,0.0,0.0,1000.0,1.2594709491729736,0.0,1
74787.68,0.1,0.1,973.76,1.1824909782409667,10.0,100000
122925.66,0.16,0.16,953.42,1.135684142112732,16.0,200000
170451.08,0.14,0.14,952.74,1.139343147277832,14.0,300000
219405.58,0.04,0.04,991.78,1.2006954145431519,4.0,400000
268952.4,0.02,0.02,994.9,1.197467908859253,2.0,500000
