evaluation/total.timesteps,evaluation/episode.final_reward,evaluation/episode.return,evaluation/episode.length,evaluation/episode.duration,evaluation/episode.normalized_return,step
25500.0,0.0,0.0,1000.0,1.8534634828567504,0.0,1
70518.52,0.54,0.54,796.36,1.3557297945022584,54.0,100000
109339.12,0.64,0.64,769.9,1.2768002510070802,64.0,200000
147211.12,0.68,0.68,757.78,1.247159857749939,68.0,300000
185103.32,0.66,0.66,754.64,1.3391286993026734,66.0,400000
222301.84,0.72,0.72,718.16,1.19705144405365,72.0,500000
