evaluation/total.timesteps,evaluation/episode.final_reward,evaluation/episode.return,evaluation/episode.length,evaluation/episode.duration,evaluation/episode.normalized_return,step
25500.0,0.0,0.0,1000.0,1.2487488031387328,0.0,1
70884.92,0.42,0.42,806.08,7.041996154785156,42.0,100000
107341.14,0.74,0.74,661.58,5.793152103424072,74.0,200000
136958.04,0.84,0.84,543.42,4.749563603401184,84.0,300000
165938.56,0.82,0.82,566.8,4.988858227729797,82.0,400000
191606.24,0.84,0.84,518.92,4.517073793411255,84.0,500000
