evaluation/total.timesteps,evaluation/episode.final_reward,evaluation/episode.return,evaluation/episode.length,evaluation/episode.duration,evaluation/episode.normalized_return,step
25500.0,0.0,0.0,1000.0,1.1525064659118653,0.0,1
72010.62,0.32,0.32,840.4,0.8949322509765625,32.0,100000
110567.7,0.46,0.46,748.48,0.826815447807312,46.0,200000
152666.46,0.24,0.24,905.9,0.9906165838241577,24.0,300000
195796.02,0.34,0.34,858.38,0.9420009613037109,34.0,400000
237688.46,0.38,0.38,810.16,0.8622173547744751,38.0,500000
