evaluation/total.timesteps,evaluation/episode.final_reward,evaluation/episode.return,evaluation/episode.length,evaluation/episode.duration,evaluation/episode.normalized_return,step
25500.0,0.0,0.0,1000.0,1.0746791934967042,0.0,1
73843.14,0.12,0.12,936.18,1.0158594846725464,12.0,100000
121071.34,0.16,0.16,946.02,1.0250259351730346,16.0,200000
168967.5,0.08,0.08,955.78,1.0377219390869141,8.0,300000
215540.52,0.16,0.16,911.88,0.9920816993713379,16.0,400000
261887.4,0.16,0.16,942.36,1.0062746000289917,16.0,500000
