evaluation/total.timesteps,evaluation/episode.final_reward,evaluation/episode.return,evaluation/episode.length,evaluation/episode.duration,evaluation/episode.normalized_return,step
25500.0,0.0,0.0,1000.0,1.2036774778366088,0.0,1
75094.76,0.12,0.12,961.14,1.168473596572876,12.0,100000
123021.74,0.08,0.08,976.46,1.1848124885559081,8.0,200000
172277.54,0.04,0.04,994.86,1.2241715383529663,4.0,300000
222093.6,0.02,0.02,999.16,1.2588352966308594,2.0,400000
272081.0,0.0,0.0,1000.0,1.2409076023101806,0.0,500000
