evaluation/total.timesteps,evaluation/episode.final_reward,evaluation/episode.return,evaluation/episode.length,evaluation/episode.duration,evaluation/episode.normalized_return,step
25500.0,0.0,0.0,1000.0,1.2667319107055663,0.0,1
72192.2,0.46,0.46,860.18,1.048788571357727,46.0,100000
109206.32,0.82,0.82,618.64,0.7474702739715576,82.0,200000
138478.86,0.9,0.9,584.82,0.7048857641220093,90.0,300000
169452.52,0.74,0.74,637.0,0.7577594423294067,74.0,400000
199135.18,0.92,0.92,552.92,0.6681400156021118,92.0,500000
