evaluation/total.timesteps,evaluation/episode.final_reward,evaluation/episode.return,evaluation/episode.length,evaluation/episode.duration,evaluation/episode.normalized_return,step
17850.0,0.0,0.0,700.0,0.8676416492462158,0.0,1
46157.82,0.6,0.6,430.42,0.42630270004272464,60.0,100000
67507.86,0.56,0.56,437.76,0.4368388938903809,56.0,200000
90357.12,0.54,0.54,440.88,0.4424182891845703,54.0,300000
110383.9,0.62,0.62,404.32,0.6396520185470581,62.0,400000
132210.58,0.58,0.58,448.2,0.4428145122528076,58.0,500000
