evaluation/total.timesteps,evaluation/episode.final_reward,evaluation/episode.return,evaluation/episode.length,evaluation/episode.duration,evaluation/episode.normalized_return,step
25500.0,0.0,0.0,1000.0,1.2162232637405395,0.0,1
74425.0,0.18,0.18,945.52,1.1709784841537476,18.0,100000
122137.18,0.1,0.1,975.42,1.1797639226913452,10.0,200000
168773.2,0.28,0.28,917.96,1.1235050773620605,28.0,300000
217267.04,0.04,0.04,986.36,1.199963960647583,4.0,400000
266481.6,0.02,0.02,993.3,1.200962038040161,2.0,500000
