evaluation/total.timesteps,evaluation/episode.final_reward,evaluation/episode.return,evaluation/episode.length,evaluation/episode.duration,evaluation/episode.normalized_return,step
25500.0,0.0,0.0,1000.0,1.1031245756149293,0.0,1
72763.02,0.22,0.22,890.58,0.9783769416809082,22.0,100000
119343.14,0.08,0.08,978.98,1.077462477684021,8.0,200000
168275.8,0.04,0.04,971.76,1.0994468069076537,4.0,300000
213890.08,0.24,0.24,846.94,0.9430667495727539,24.0,400000
258248.04,0.1,0.1,949.44,1.0524805974960327,10.0,500000
