evaluation/total.timesteps,evaluation/episode.final_reward,evaluation/episode.return,evaluation/episode.length,evaluation/episode.duration,evaluation/episode.normalized_return,step
25500.0,0.0,0.0,1000.0,1.1049651145935058,0.0,1
67595.7,0.64,0.64,722.84,0.7885999917984009,64.0,100000
98974.58,0.86,0.86,502.44,0.5350849914550782,86.0,200000
123997.24,0.84,0.84,489.86,0.5265506315231323,84.0,300000
150918.6,0.74,0.74,572.94,0.6307854509353638,74.0,400000
175080.96,0.88,0.88,437.58,0.46046010017395017,88.0,500000
