evaluation/total.timesteps,evaluation/episode.final_reward,evaluation/episode.return,evaluation/episode.length,evaluation/episode.duration,evaluation/episode.normalized_return,step
25500.0,0.0,0.0,1000.0,1.147745189666748,0.0,1
72419.08,0.2,0.2,887.06,0.9414733934402466,20.0,100000
116811.64,0.24,0.24,878.3,0.9641790103912353,24.0,200000
163446.46,0.02,0.02,986.02,1.0917492771148682,2.0,300000
211923.62,0.12,0.12,955.02,1.054478907585144,12.0,400000
259086.32,0.16,0.16,930.1,1.00383620262146,16.0,500000
