evaluation/total.timesteps,evaluation/episode.final_reward,evaluation/episode.return,evaluation/episode.length,evaluation/episode.duration,evaluation/episode.normalized_return,step
25500.0,0.0,0.0,1000.0,1.215755925178528,0.0,1
75436.28,0.04,0.04,993.54,1.2389750051498414,4.0,100000
125074.0,0.02,0.02,995.88,1.2336192226409912,2.0,200000
173978.62,0.1,0.1,972.38,1.1944331264495849,10.0,300000
223579.56,0.02,0.02,998.84,1.2399853038787843,2.0,400000
273532.0,0.0,0.0,1000.0,1.2276216459274292,0.0,500000
