evaluation/total.timesteps,evaluation/episode.final_reward,evaluation/episode.return,evaluation/episode.length,evaluation/episode.duration,evaluation/episode.normalized_return,step
25500.0,0.0,0.0,1000.0,1.301399564743042,0.0,1
68455.9,0.54,0.54,748.22,0.9308653593063354,54.0,100000
112716.84,0.04,0.04,982.7,1.2241727018356323,4.0,200000
156681.12,0.4,0.4,785.8,0.9800765132904052,40.0,300000
195967.12,0.58,0.58,767.36,0.9669390869140625,58.0,400000
231804.82,0.54,0.54,678.42,0.8494885683059692,54.0,500000
