evaluation/total.timesteps,evaluation/episode.final_reward,evaluation/episode.return,evaluation/episode.length,evaluation/episode.duration,evaluation/episode.normalized_return,step
25500.0,0.0,0.0,1000.0,1.2268547773361207,0.0,1
74942.12,0.1,0.1,977.12,1.210391869544983,10.0,100000
123011.06,0.14,0.14,953.34,1.1835502576828003,14.0,200000
171212.6,0.12,0.12,978.06,1.2076769399642944,12.0,300000
220926.0,0.0,0.0,1000.0,1.2735635900497437,0.0,400000
270926.0,0.0,0.0,1000.0,1.2576186847686768,0.0,500000
