evaluation/total.timesteps,evaluation/episode.final_reward,evaluation/episode.return,evaluation/episode.length,evaluation/episode.duration,evaluation/episode.normalized_return,step
17850.0,0.0,0.0,700.0,0.6981902074813843,0.0,1
41302.9,0.86,0.86,242.0,0.2383762216567993,86.0,100000
51331.48,0.92,0.92,189.2,0.1896013832092285,92.0,200000
61132.26,0.96,0.96,171.92,0.1707070302963257,96.0,300000
69418.96,0.96,0.96,167.78,0.1688882303237915,96.0,400000
79161.92,0.88,0.88,223.58,0.22775037288665773,88.0,500000
