evaluation/total.timesteps,evaluation/episode.final_reward,evaluation/episode.return,evaluation/episode.length,evaluation/episode.duration,evaluation/episode.normalized_return,step
25500.0,0.0,0.0,1000.0,1.2212929487228394,0.0,1
75177.56,0.16,0.16,975.08,1.1870812129974366,16.0,100000
124247.0,0.02,0.02,999.5,1.2227797603607178,2.0,200000
172628.54,0.2,0.2,957.38,1.1656657361984253,20.0,300000
221496.34,0.04,0.04,985.5,1.1935590171813966,4.0,400000
270855.96,0.06,0.06,981.84,1.1898342609405517,6.0,500000
