evaluation/total.timesteps,evaluation/episode.final_reward,evaluation/episode.return,evaluation/episode.length,evaluation/episode.duration,evaluation/episode.normalized_return,step
25500.0,0.0,0.0,1000.0,1.1893506050109863,0.0,1
75182.56,0.1,0.1,985.28,1.2108885192871093,10.0,100000
124313.66,0.08,0.08,983.08,1.1995372438430787,8.0,200000
173432.32,0.12,0.12,967.2,1.1594922590255736,12.0,300000
222204.86,0.04,0.04,989.18,1.215558352470398,4.0,400000
271631.72,0.04,0.04,997.52,1.2218643712997437,4.0,500000
