evaluation/total.timesteps,evaluation/episode.final_reward,evaluation/episode.return,evaluation/episode.length,evaluation/episode.duration,evaluation/episode.normalized_return,step
25500.0,0.0,0.0,1000.0,1.0765185308456422,0.0,1
69686.12,0.48,0.48,756.36,0.812316255569458,48.0,100000
108211.06,0.32,0.32,794.46,0.8506600189208985,32.0,200000
147456.88,0.34,0.34,808.82,0.8649578428268433,34.0,300000
191142.12,0.16,0.16,915.12,0.9811621189117432,16.0,400000
237927.68,0.12,0.12,946.1,1.0285465145111083,12.0,500000
