evaluation/total.timesteps,evaluation/episode.final_reward,evaluation/episode.return,evaluation/episode.length,evaluation/episode.duration,evaluation/episode.normalized_return,step
25500.0,0.0,0.0,1000.0,1.071638011932373,0.0,1
72498.26,0.22,0.22,896.02,1.1293290805816651,22.0,100000
117673.66,0.14,0.14,926.54,0.9882729291915894,14.0,200000
166182.12,0.04,0.04,983.18,1.0537884426116944,4.0,300000
213052.74,0.2,0.2,894.82,0.9711817884445191,20.0,400000
260231.0,0.06,0.06,969.16,1.0476441717147826,6.0,500000
