evaluation/total.timesteps,evaluation/episode.final_reward,evaluation/episode.return,evaluation/episode.length,evaluation/episode.duration,evaluation/episode.normalized_return,step
25500.0,0.0,0.0,1000.0,1.234914894104004,0.0,1
74457.52,0.22,0.22,956.0,1.1849737310409545,22.0,100000
122338.14,0.18,0.18,966.44,1.1928869152069093,18.0,200000
171451.34,0.04,0.04,991.74,1.2202057027816773,4.0,300000
220817.0,0.02,0.02,990.2,1.2185532474517822,2.0,400000
270719.0,0.0,0.0,1000.0,1.222828140258789,0.0,500000
