evaluation/total.timesteps,evaluation/episode.final_reward,evaluation/episode.return,evaluation/episode.length,evaluation/episode.duration,evaluation/episode.normalized_return,step
25500.0,0.0,0.0,1000.0,1.1957572650909425,0.0,1
74702.98,0.14,0.14,972.84,1.1742363929748536,14.0,100000
123998.48,0.02,0.02,994.48,1.2052672433853149,2.0,200000
173692.72,0.06,0.06,985.58,1.1968060684204103,6.0,300000
223145.0,0.0,0.0,1000.0,1.2330581092834472,0.0,400000
273145.0,0.0,0.0,1000.0,1.23680016040802,0.0,500000
