evaluation/total.timesteps,evaluation/episode.final_reward,evaluation/episode.return,evaluation/episode.length,evaluation/episode.duration,evaluation/episode.normalized_return,step
17850.0,0.0,0.0,700.0,0.7163881397247315,0.0,1
39616.24,0.94,0.94,184.08,0.1814843988418579,94.0,100000
50864.18,0.84,0.84,249.98,0.256418924331665,84.0,200000
60538.08,0.98,0.98,154.14,0.15292614459991455,98.0,300000
70733.94,0.84,0.84,235.38,0.23787396430969238,84.0,400000
80734.28,0.96,0.96,169.7,0.17398421287536622,96.0,500000
