evaluation/total.timesteps,evaluation/episode.final_reward,evaluation/episode.return,evaluation/episode.length,evaluation/episode.duration,evaluation/episode.normalized_return,step
17850.0,0.0,0.0,700.0,1.019392457008362,0.0,1
41825.74,0.82,0.82,268.62,0.36418125629425047,82.0,100000
53975.38,0.88,0.88,226.0,0.28118621826171875,88.0,200000
65171.98,0.92,0.92,202.04,0.27925012588500975,92.0,300000
74366.12,0.98,0.98,172.18,0.27812847137451174,98.0,400000
83502.76,0.94,0.94,196.02,0.22620373249053954,94.0,500000
