evaluation/total.timesteps,evaluation/episode.final_reward,evaluation/episode.return,evaluation/episode.length,evaluation/episode.duration,evaluation/episode.normalized_return,step
17850.0,0.0,0.0,700.0,1.3695049619674682,0.0,1
45222.16,0.62,0.62,408.08,0.5921989202499389,62.0,100000
61042.78,0.96,0.96,217.48,0.3230833959579468,96.0,200000
71330.48,0.96,0.96,195.92,0.27498287200927735,96.0,300000
80438.34,0.98,0.98,175.94,0.24245381355285645,98.0,400000
90210.0,0.92,0.92,218.84,0.31208645820617675,92.0,500000
