evaluation/total.timesteps,evaluation/episode.final_reward,evaluation/episode.return,evaluation/episode.length,evaluation/episode.duration,evaluation/episode.normalized_return,step
17850.0,0.0,0.0,700.0,0.7026253652572632,0.0,1
39627.54,0.92,0.92,190.94,0.19067145824432374,92.0,100000
49053.32,0.96,0.96,168.12,0.16633552074432373,96.0,200000
58330.1,0.9,0.9,209.62,0.20936344623565672,90.0,300000
68126.62,0.92,0.92,199.32,0.19618535041809082,92.0,400000
77553.82,0.98,0.98,157.74,0.16002752780914306,98.0,500000
