evaluation/total.timesteps,evaluation/episode.final_reward,evaluation/episode.return,evaluation/episode.length,evaluation/episode.duration,evaluation/episode.normalized_return,step
25500.0,0.0,0.0,1000.0,1.1877713537216186,0.0,1
73967.42,0.22,0.22,947.62,1.165656623840332,22.0,100000
122806.64,0.02,0.02,996.62,1.1898596096038818,2.0,200000
172181.82,0.12,0.12,980.86,1.1912709188461303,12.0,300000
221268.0,0.06,0.06,986.3,1.20501690864563,6.0,400000
270667.92,0.04,0.04,991.26,1.207161602973938,4.0,500000
