evaluation/total.timesteps,evaluation/episode.final_reward,evaluation/episode.return,evaluation/episode.length,evaluation/episode.duration,evaluation/episode.normalized_return,step
17850.0,0.0,0.0,700.0,0.7206640911102294,0.0,1
39924.64,0.94,0.94,186.38,0.1788028335571289,94.0,100000
48656.62,0.94,0.94,177.2,0.1729760217666626,94.0,200000
57763.68,0.94,0.94,188.86,0.1831683349609375,94.0,300000
67550.2,0.92,0.92,203.64,0.19679250717163085,92.0,400000
76846.4,0.94,0.94,174.36,0.17441947460174562,94.0,500000
