evaluation/total.timesteps,evaluation/episode.final_reward,evaluation/episode.return,evaluation/episode.length,evaluation/episode.duration,evaluation/episode.normalized_return,step
25500.0,0.0,0.0,1000.0,1.080862512588501,0.0,1
70664.86,0.34,0.34,806.42,0.8667856740951538,34.0,100000
110691.16,0.4,0.4,746.92,0.8024260520935058,40.0,200000
148872.18,0.24,0.24,853.26,0.9147953987121582,24.0,300000
191668.06,0.28,0.28,832.98,0.9021952295303345,28.0,400000
235627.24,0.14,0.14,929.88,0.994431176185608,14.0,500000
