evaluation/total.timesteps,evaluation/episode.final_reward,evaluation/episode.return,evaluation/episode.length,evaluation/episode.duration,evaluation/episode.normalized_return,step
25500.0,0.0,0.0,1000.0,1.460623025894165,0.0,1
72218.4,0.2,0.2,881.38,1.441147484779358,20.0,100000
115953.28,0.2,0.2,868.7,1.0853285360336304,20.0,200000
160806.62,0.12,0.12,919.28,1.1402476882934571,12.0,300000
205887.0,0.26,0.26,862.3,1.0750892162322998,26.0,400000
245112.66,0.46,0.46,751.96,0.943361644744873,46.0,500000
