evaluation/total.timesteps,evaluation/episode.final_reward,evaluation/episode.return,evaluation/episode.length,evaluation/episode.duration,evaluation/episode.normalized_return,step
17850.0,0.0,0.0,700.0,0.9853808403015136,0.0,1
39906.38,0.94,0.94,177.3,0.2524104022979736,94.0,100000
47739.1,0.98,0.98,152.98,0.21640074253082275,98.0,200000
54986.3,0.98,0.98,145.74,0.21526113986968995,98.0,300000
63416.46,0.96,0.96,169.38,0.23556605339050293,96.0,400000
70926.82,0.98,0.98,144.9,0.21532668590545653,98.0,500000
