evaluation/total.timesteps,evaluation/episode.final_reward,evaluation/episode.return,evaluation/episode.length,evaluation/episode.duration,evaluation/episode.normalized_return,step
25500.0,0.0,0.0,1000.0,2.2702577352523803,0.0,1
71252.82,0.68,0.68,825.96,1.4222568225860597,68.0,100000
109280.22,0.82,0.82,704.32,1.1715201950073242,82.0,200000
147832.88,0.48,0.48,846.0,1.4123022747039795,48.0,300000
190191.38,0.48,0.48,836.94,1.4390512561798097,48.0,400000
232015.08,0.52,0.52,808.54,1.3704160451889038,52.0,500000
