evaluation/total.timesteps,evaluation/episode.final_reward,evaluation/episode.return,evaluation/episode.length,evaluation/episode.duration,evaluation/episode.normalized_return,step
25500.0,0.0,0.0,1000.0,1.2024329614639282,0.0,1
74751.1,0.08,0.08,979.86,1.1876649713516236,8.0,100000
123694.54,0.1,0.1,969.74,1.1980453872680663,10.0,200000
172461.1,0.06,0.06,980.88,1.1747950363159179,6.0,300000
221832.48,0.02,0.02,992.02,1.2045049858093262,2.0,400000
270957.2,0.06,0.06,984.42,1.2022087907791137,6.0,500000
