evaluation/total.timesteps,evaluation/episode.final_reward,evaluation/episode.return,evaluation/episode.length,evaluation/episode.duration,evaluation/episode.normalized_return,step
17850.0,0.0,0.0,700.0,1.0123491096496582,0.0,1
51066.6,0.26,0.26,628.44,0.8549563217163086,26.0,100000
76324.42,0.84,0.84,375.34,0.5017717838287353,84.0,200000
100710.48,0.36,0.36,614.64,0.8101154661178589,36.0,300000
131803.2,0.36,0.36,612.66,0.8254292297363282,36.0,400000
160008.02,0.58,0.58,509.64,0.6907059383392334,58.0,500000
