evaluation/total.timesteps,evaluation/episode.final_reward,evaluation/episode.return,evaluation/episode.length,evaluation/episode.duration,evaluation/episode.normalized_return,step
17850.0,0.0,0.0,700.0,1.3675583505630493,0.0,1
39375.5,0.96,0.96,167.98,2.1865480518341065,96.0,100000
47136.12,0.98,0.98,152.34,1.3792508411407471,98.0,200000
55192.16,0.96,0.96,162.92,1.4187826299667359,96.0,300000
62827.34,0.98,0.98,148.3,0.20091117382049561,98.0,400000
70361.8,0.96,0.96,160.86,0.22305136203765868,96.0,500000
