evaluation/total.timesteps,evaluation/episode.final_reward,evaluation/episode.return,evaluation/episode.length,evaluation/episode.duration,evaluation/episode.normalized_return,step
17850.0,0.0,0.0,700.0,1.3045950841903686,0.0,1
47936.24,0.6,0.6,465.26,3.9173743820190428,60.0,100000
65145.38,0.84,0.84,265.84,2.2118509864807128,84.0,200000
78186.92,0.88,0.88,243.8,1.955957021713257,88.0,300000
88735.86,0.94,0.94,199.54,1.6288993740081787,94.0,400000
99266.06,0.92,0.92,218.76,1.785777759552002,92.0,500000
