evaluation/total.timesteps,evaluation/episode.final_reward,evaluation/episode.return,evaluation/episode.length,evaluation/episode.duration,evaluation/episode.normalized_return,step
25500.0,0.0,0.0,1000.0,1.0773677444458007,0.0,1
74734.82,0.08,0.08,967.04,1.0562364387512206,8.0,100000
122589.0,0.14,0.14,925.08,0.9997852706909179,14.0,200000
169326.52,0.06,0.06,967.82,1.049129228591919,6.0,300000
216539.0,0.12,0.12,938.44,1.0098249816894531,12.0,400000
263867.04,0.1,0.1,946.16,1.0141171073913575,10.0,500000
