evaluation/total.timesteps,evaluation/episode.final_reward,evaluation/episode.return,evaluation/episode.length,evaluation/episode.duration,evaluation/episode.normalized_return,step
17850.0,0.0,0.0,700.0,1.872190432548523,0.0,1
39029.52,0.98,0.98,162.26,1.2430351924896241,98.0,100000
46939.14,0.98,0.98,146.86,0.2106978988647461,98.0,200000
55156.82,0.96,0.96,179.16,0.2556890916824341,96.0,300000
63559.98,0.98,0.98,147.78,0.2079059076309204,98.0,400000
70980.4,0.96,0.96,167.34,0.2551813888549805,96.0,500000
