evaluation/total.timesteps,evaluation/episode.final_reward,evaluation/episode.return,evaluation/episode.length,evaluation/episode.duration,evaluation/episode.normalized_return,step
25500.0,0.0,0.0,1000.0,1.531019320487976,0.0,1
67292.06,0.72,0.72,653.18,0.9027133512496949,72.0,100000
95485.16,0.9,0.9,494.04,0.6765910291671753,90.0,200000
122556.54,0.84,0.84,579.16,0.7941641998291016,84.0,300000
151527.34,0.8,0.8,591.66,0.8135073852539062,80.0,400000
180825.72,0.8,0.8,553.62,0.765207576751709,80.0,500000
