evaluation/total.timesteps,evaluation/episode.final_reward,evaluation/episode.return,evaluation/episode.length,evaluation/episode.duration,evaluation/episode.normalized_return,step
17850.0,0.0,0.0,700.0,0.7031648063659668,0.0,1
51955.7,0.08,0.08,668.38,0.6301443290710449,8.0,100000
82619.22,0.38,0.38,576.22,0.5621393013000489,38.0,200000
109318.8,0.44,0.44,505.52,0.4798859930038452,44.0,300000
136669.06,0.36,0.36,561.9,0.5399038410186767,36.0,400000
166424.14,0.26,0.26,601.82,0.5711514329910279,26.0,500000
