evaluation/total.timesteps,evaluation/episode.final_reward,evaluation/episode.return,evaluation/episode.length,evaluation/episode.duration,evaluation/episode.normalized_return,step
25500.0,0.0,0.0,1000.0,1.2066544055938722,0.0,1
74986.48,0.12,0.12,983.8,1.190893473625183,12.0,100000
124283.48,0.06,0.06,982.42,1.1975034284591675,6.0,200000
173188.74,0.16,0.16,963.56,1.1355668640136718,16.0,300000
221989.0,0.0,0.0,1000.0,1.2367019844055176,0.0,400000
271989.0,0.0,0.0,1000.0,1.206551923751831,0.0,500000
