evaluation/total.timesteps,evaluation/episode.final_reward,evaluation/episode.return,evaluation/episode.length,evaluation/episode.duration,evaluation/episode.normalized_return,step
25500.0,0.0,0.0,1000.0,1.2187999439239503,0.0,1
74807.24,0.08,0.08,978.8,1.1834219455718995,8.0,100000
123649.06,0.12,0.12,970.76,1.183979549407959,12.0,200000
172973.2,0.02,0.02,999.52,1.205575361251831,2.0,300000
222613.7,0.06,0.06,990.42,1.211435923576355,6.0,400000
272050.66,0.08,0.08,976.78,1.2018326425552368,8.0,500000
