evaluation/total.timesteps,evaluation/episode.final_reward,evaluation/episode.return,evaluation/episode.length,evaluation/episode.duration,evaluation/episode.normalized_return,step
17850.0,0.0,0.0,700.0,5.620714783668518,0.0,1
38954.42,1.0,1.0,152.86,0.1877392864227295,100.0,100000
47145.66,0.98,0.98,174.68,1.3455370473861694,98.0,200000
56111.28,0.94,0.94,185.7,1.4457618284225464,94.0,300000
65192.18,0.96,0.96,165.52,1.2969621515274048,96.0,400000
72785.76,0.98,0.98,156.8,1.2218822526931763,98.0,500000
