evaluation/total.timesteps,evaluation/episode.final_reward,evaluation/episode.return,evaluation/episode.length,evaluation/episode.duration,evaluation/episode.normalized_return,step
25500.0,0.0,0.0,1000.0,1.062410593032837,0.0,1
72944.26,0.18,0.18,905.08,0.9622777700424194,18.0,100000
119313.04,0.18,0.18,931.54,0.9999060249328613,18.0,200000
167299.92,0.02,0.02,989.64,1.0765433597564698,2.0,300000
213894.94,0.24,0.24,884.56,0.950478572845459,24.0,400000
259700.24,0.12,0.12,942.5,1.0278875064849853,12.0,500000
