evaluation/total.timesteps,evaluation/episode.final_reward,evaluation/episode.return,evaluation/episode.length,evaluation/episode.duration,evaluation/episode.normalized_return,step
17850.0,0.0,0.0,700.0,0.7336722421646118,0.0,1
47164.28,0.6,0.6,478.54,0.4867885684967041,60.0,100000
71785.88,0.44,0.44,526.26,0.5453641414642334,44.0,200000
96613.82,0.64,0.64,425.22,0.4337853765487671,64.0,300000
115761.38,0.72,0.72,355.42,0.36473902225494387,72.0,400000
132917.2,0.8,0.8,342.2,0.3474925661087036,80.0,500000
