evaluation/total.timesteps,evaluation/episode.final_reward,evaluation/episode.return,evaluation/episode.length,evaluation/episode.duration,evaluation/episode.normalized_return,step
25500.0,0.0,0.0,1000.0,1.6220349502563476,0.0,1
75046.3,0.12,0.12,975.92,1.5259669971466066,12.0,100000
122541.96,0.22,0.22,945.06,1.4803694581985474,22.0,200000
169263.2,0.36,0.36,916.98,1.418178915977478,36.0,300000
214060.68,0.5,0.5,863.78,1.3461976957321167,50.0,400000
256544.32,0.54,0.54,820.56,1.276840205192566,54.0,500000
