evaluation/total.timesteps,evaluation/episode.final_reward,evaluation/episode.return,evaluation/episode.length,evaluation/episode.duration,evaluation/episode.normalized_return,step
25500.0,0.0,0.0,1000.0,1.2839375305175782,0.0,1
75052.6,0.08,0.08,973.26,1.2495502185821534,8.0,100000
124026.56,0.04,0.04,991.92,1.2993928813934326,4.0,200000
173759.0,0.0,0.0,1000.0,1.2810960721969604,0.0,300000
223759.0,0.0,0.0,1000.0,1.3002769947052002,0.0,400000
273580.36,0.04,0.04,992.14,1.286279034614563,4.0,500000
