evaluation/total.timesteps,evaluation/episode.final_reward,evaluation/episode.return,evaluation/episode.length,evaluation/episode.duration,evaluation/episode.normalized_return,step
25500.0,0.0,0.0,1000.0,1.0917813301086425,0.0,1
68951.82,0.44,0.44,772.4,0.8435982227325439,44.0,100000
109812.84,0.34,0.34,825.5,0.885978388786316,34.0,200000
149759.56,0.4,0.4,757.42,0.8205339050292969,40.0,300000
191439.88,0.12,0.12,930.22,1.006269521713257,12.0,400000
236807.8,0.2,0.2,899.1,0.967781572341919,20.0,500000
