evaluation/total.timesteps,evaluation/episode.final_reward,evaluation/episode.return,evaluation/episode.length,evaluation/episode.duration,evaluation/episode.normalized_return,step
17850.0,0.0,0.0,700.0,1.0417936944961548,0.0,1
48552.02,0.44,0.44,498.9,0.727907862663269,44.0,100000
66198.18,0.88,0.88,248.28,0.36106314182281496,88.0,200000
77671.6,0.92,0.92,224.6,0.3193081092834473,92.0,300000
88525.44,0.96,0.96,186.86,0.2851397943496704,96.0,400000
97674.18,0.96,0.96,193.44,0.2615561676025391,96.0,500000
