evaluation/total.timesteps,evaluation/episode.final_reward,evaluation/episode.return,evaluation/episode.length,evaluation/episode.duration,evaluation/episode.normalized_return,step
25500.0,0.0,0.0,1000.0,1.4071583938598633,0.0,1
70581.2,0.42,0.42,819.46,1.029097728729248,42.0,100000
113288.66,0.42,0.42,848.08,1.058345422744751,42.0,200000
150671.96,0.7,0.7,672.94,0.8398473978042602,70.0,300000
182218.64,0.82,0.82,594.0,0.7489480590820312,82.0,400000
215412.58,0.64,0.64,736.68,0.9305619239807129,64.0,500000
