evaluation/total.timesteps,evaluation/episode.final_reward,evaluation/episode.return,evaluation/episode.length,evaluation/episode.duration,evaluation/episode.normalized_return,step
25500.0,0.0,0.0,1000.0,1.9132581615447999,0.0,1
71290.98,0.46,0.46,828.68,0.9108686923980713,46.0,100000
114871.18,0.32,0.32,907.94,0.986936731338501,32.0,200000
154822.38,0.64,0.64,713.42,0.7784334468841553,64.0,300000
191694.84,0.6,0.6,760.08,0.8223030138015747,60.0,400000
225580.5,0.8,0.8,604.42,0.6659857511520386,80.0,500000
