evaluation/total.timesteps,evaluation/episode.final_reward,evaluation/episode.return,evaluation/episode.length,evaluation/episode.duration,evaluation/episode.normalized_return,step
17850.0,0.0,0.0,700.0,0.6896922349929809,0.0,1
42162.24,0.82,0.82,256.96,0.25493287563323974,82.0,100000
52751.3,0.92,0.92,191.08,0.18136040210723878,92.0,200000
62335.36,0.9,0.9,204.28,0.20697909832000733,90.0,300000
72243.54,0.94,0.94,185.1,0.1857539939880371,94.0,400000
82612.44,0.92,0.92,214.78,0.21684417724609376,92.0,500000
