evaluation/total.timesteps,evaluation/episode.final_reward,evaluation/episode.return,evaluation/episode.length,evaluation/episode.duration,evaluation/episode.normalized_return,step
25500.0,0.0,0.0,1000.0,1.5986996984481812,0.0,1
73959.82,0.18,0.18,957.66,1.4941019105911255,18.0,100000
120406.72,0.4,0.4,888.14,1.384129867553711,40.0,200000
162015.12,0.58,0.58,783.44,1.2239532375335693,58.0,300000
198322.2,0.78,0.78,669.9,1.0400826930999756,78.0,400000
231769.76,0.82,0.82,647.0,0.9971272993087769,82.0,500000
