evaluation/total.timesteps,evaluation/episode.final_reward,evaluation/episode.return,evaluation/episode.length,evaluation/episode.duration,evaluation/episode.normalized_return,step
25500.0,0.0,0.0,1000.0,1.2190497064590453,0.0,1
74630.24,0.12,0.12,971.14,1.1674299240112305,12.0,100000
123343.3,0.06,0.06,976.74,1.1750943565368652,6.0,200000
172803.52,0.04,0.04,995.46,1.1848752117156982,4.0,300000
222490.6,0.04,0.04,992.32,1.207824568748474,4.0,400000
272283.0,0.0,0.0,1000.0,1.2209758949279785,0.0,500000
