evaluation/total.timesteps,evaluation/episode.final_reward,evaluation/episode.return,evaluation/episode.length,evaluation/episode.duration,evaluation/episode.normalized_return,step
17850.0,0.0,0.0,700.0,0.6914774990081787,0.0,1
48339.42,0.52,0.52,527.36,0.5192791223526001,52.0,100000
74033.8,0.52,0.52,485.84,0.48177433490753174,52.0,200000
94983.66,0.72,0.72,361.7,0.35446484088897706,72.0,300000
110623.88,0.82,0.82,302.06,0.29946118354797363,82.0,400000
126471.88,0.78,0.78,346.0,0.34364248275756837,78.0,500000
