evaluation/total.timesteps,evaluation/episode.final_reward,evaluation/episode.return,evaluation/episode.length,evaluation/episode.duration,evaluation/episode.normalized_return,step
25500.0,0.0,0.0,1000.0,1.2144180822372437,0.0,1
75118.84,0.08,0.08,977.8,1.1964756298065184,8.0,100000
123708.42,0.12,0.12,982.74,1.1909304237365723,12.0,200000
172700.8,0.2,0.2,959.52,1.1601240348815918,20.0,300000
220805.12,0.1,0.1,978.52,1.1932681846618651,10.0,400000
270388.42,0.04,0.04,996.98,1.1965707063674926,4.0,500000
