evaluation/total.timesteps,evaluation/episode.final_reward,evaluation/episode.return,evaluation/episode.length,evaluation/episode.duration,evaluation/episode.normalized_return,step
25500.0,0.0,0.0,1000.0,1.4920745944976808,0.0,1
70359.84,0.46,0.46,785.28,1.1148915576934815,46.0,100000
106323.14,0.6,0.6,674.76,0.9626933002471924,60.0,200000
142828.9,0.5,0.5,768.18,1.0977030897140503,50.0,300000
176407.34,0.72,0.72,588.9,0.8362357568740845,72.0,400000
207995.84,0.6,0.6,648.64,0.9250283241271973,60.0,500000
