evaluation/total.timesteps,evaluation/episode.final_reward,evaluation/episode.return,evaluation/episode.length,evaluation/episode.duration,evaluation/episode.normalized_return,step
25500.0,0.0,0.0,1000.0,1.0599896430969238,0.0,1
69491.68,0.64,0.64,747.78,0.7971692562103272,64.0,100000
100623.26,0.8,0.8,499.36,0.5346883010864257,80.0,200000
125542.88,0.72,0.72,536.86,0.5797533369064332,72.0,300000
152380.84,0.78,0.78,502.48,0.5512566661834717,78.0,400000
177932.8,0.72,0.72,526.72,0.5557912111282348,72.0,500000
