evaluation/total.timesteps,evaluation/episode.final_reward,evaluation/episode.return,evaluation/episode.length,evaluation/episode.duration,evaluation/episode.normalized_return,step
25500.0,0.0,0.0,1000.0,1.0567689561843872,0.0,1
68675.86,0.46,0.46,746.56,0.7934192705154419,46.0,100000
107261.84,0.34,0.34,789.42,0.8566446924209594,34.0,200000
147964.26,0.38,0.38,823.74,0.883695592880249,38.0,300000
191190.26,0.22,0.22,892.74,0.9771329164505005,22.0,400000
233087.5,0.36,0.36,807.1,0.8580444812774658,36.0,500000
