evaluation/total.timesteps,evaluation/episode.final_reward,evaluation/episode.return,evaluation/episode.length,evaluation/episode.duration,evaluation/episode.normalized_return,step
25500.0,0.0,0.0,1000.0,1.0788995981216432,0.0,1
69167.16,0.52,0.52,727.1,0.7890215826034546,52.0,100000
106852.0,0.32,0.32,798.28,0.86606276512146,32.0,200000
144744.86,0.46,0.46,741.5,0.8058610916137695,46.0,300000
186465.28,0.18,0.18,893.18,0.9715575361251831,18.0,400000
230956.3,0.22,0.22,897.1,0.9985067844390869,22.0,500000
