evaluation/total.timesteps,evaluation/episode.final_reward,evaluation/episode.return,evaluation/episode.length,evaluation/episode.duration,evaluation/episode.normalized_return,step
25500.0,0.0,0.0,1000.0,1.495722951889038,0.0,1
66996.82,0.62,0.62,683.2,0.9720524215698242,62.0,100000
101963.68,0.56,0.56,723.32,1.0376553106307984,56.0,200000
137819.56,0.6,0.6,720.14,1.0270342922210693,60.0,300000
174961.64,0.68,0.68,706.26,1.0163604354858398,68.0,400000
206547.38,0.74,0.74,582.92,0.8297962617874145,74.0,500000
