evaluation/total.timesteps,evaluation/episode.final_reward,evaluation/episode.return,evaluation/episode.length,evaluation/episode.duration,evaluation/episode.normalized_return,step
17850.0,0.0,0.0,700.0,0.6931434106826783,0.0,1
42198.68,0.82,0.82,264.54,0.26260552406311033,82.0,100000
52923.08,0.92,0.92,187.1,0.18417120933532716,92.0,200000
61935.58,0.94,0.94,177.76,0.22137104511260985,94.0,300000
71869.56,0.9,0.9,211.4,0.230505633354187,90.0,400000
82010.58,0.88,0.88,226.3,0.22338667392730713,88.0,500000
