evaluation/total.timesteps,evaluation/episode.final_reward,evaluation/episode.return,evaluation/episode.length,evaluation/episode.duration,evaluation/episode.normalized_return,step
25500.0,0.0,0.0,1000.0,1.0863824558258057,0.0,1
70760.2,0.3,0.3,857.9,0.9326820611953736,30.0,100000
114785.08,0.4,0.4,845.78,0.9169693517684937,40.0,200000
156014.8,0.4,0.4,784.28,0.846802077293396,40.0,300000
198220.74,0.12,0.12,933.72,1.0180711269378662,12.0,400000
245312.48,0.1,0.1,966.04,1.0305215883255006,10.0,500000
