evaluation/total.timesteps,evaluation/episode.final_reward,evaluation/episode.return,evaluation/episode.length,evaluation/episode.duration,evaluation/episode.normalized_return,step
25500.0,0.0,0.0,1000.0,1.6172876691818237,0.0,1
74765.22,0.16,0.16,963.26,1.5191927719116212,16.0,100000
121063.58,0.38,0.38,896.4,1.423049373626709,38.0,200000
163242.16,0.54,0.54,802.12,1.2552540016174316,54.0,300000
202526.1,0.62,0.62,765.56,1.1981159019470216,62.0,400000
239752.12,0.64,0.64,722.58,1.1345115804672241,64.0,500000
