evaluation/total.timesteps,evaluation/episode.final_reward,evaluation/episode.return,evaluation/episode.length,evaluation/episode.duration,evaluation/episode.normalized_return,step
25500.0,0.0,0.0,1000.0,1.2230800151824952,0.0,1
75500.0,0.0,0.0,1000.0,1.1932898330688477,0.0,100000
124926.2,0.08,0.08,975.72,1.1931664085388183,8.0,200000
173492.62,0.12,0.12,968.92,1.1847062158584594,12.0,300000
222671.88,0.02,0.02,996.66,1.2211728286743164,2.0,400000
272485.8,0.02,0.02,992.08,1.205194320678711,2.0,500000
