evaluation/total.timesteps,evaluation/episode.final_reward,evaluation/episode.return,evaluation/episode.length,evaluation/episode.duration,evaluation/episode.normalized_return,step
25500.0,0.0,0.0,1000.0,1.1964677047729493,0.0,1
75464.26,0.04,0.04,998.94,1.2372649240493774,4.0,100000
122341.4,0.36,0.36,873.16,1.0682471942901612,36.0,200000
166982.92,0.3,0.3,920.26,1.1181160259246825,30.0,300000
211717.1,0.4,0.4,878.32,1.0798626089096068,40.0,400000
256431.2,0.34,0.34,902.74,1.059863896369934,34.0,500000
