evaluation/total.timesteps,evaluation/episode.final_reward,evaluation/episode.return,evaluation/episode.length,evaluation/episode.duration,evaluation/episode.normalized_return,step
25500.0,0.0,0.0,1000.0,1.1971152544021606,0.0,1
74174.04,0.18,0.18,943.2,1.1435377025604248,18.0,100000
121761.54,0.18,0.18,967.88,1.1729093885421753,18.0,200000
170229.5,0.18,0.18,961.98,1.1477910566329956,18.0,300000
218557.56,0.08,0.08,985.1,1.1894988203048706,8.0,400000
268297.4,0.02,0.02,988.94,1.1755198001861573,2.0,500000
