evaluation/total.timesteps,evaluation/episode.final_reward,evaluation/episode.return,evaluation/episode.length,evaluation/episode.duration,evaluation/episode.normalized_return,step
25500.0,0.0,0.0,1000.0,1.2442597007751466,0.0,1
74713.4,0.14,0.14,970.2,1.1792905521392822,14.0,100000
122772.38,0.12,0.12,970.4,1.1820443773269653,12.0,200000
171412.68,0.24,0.24,950.62,1.1609256649017334,24.0,300000
219870.92,0.02,0.02,992.08,1.2176434326171874,2.0,400000
269462.2,0.02,0.02,992.2,1.1984342288970948,2.0,500000
