evaluation/total.timesteps,evaluation/episode.final_reward,evaluation/episode.return,evaluation/episode.length,evaluation/episode.duration,evaluation/episode.normalized_return,step
17850.0,0.0,0.0,700.0,0.7077011299133301,0.0,1
50939.44,0.18,0.18,644.32,0.6492221593856812,18.0,100000
82451.88,0.24,0.24,599.66,0.6183775568008423,24.0,200000
106282.74,0.72,0.72,366.98,0.36683547019958496,72.0,300000
129357.96,0.44,0.44,508.74,0.5143037843704223,44.0,400000
154070.76,0.4,0.4,538.88,0.5141514348983764,40.0,500000
