evaluation/total.timesteps,evaluation/episode.final_reward,evaluation/episode.return,evaluation/episode.length,evaluation/episode.duration,evaluation/episode.normalized_return,step
25500.0,0.0,0.0,1000.0,1.5988954067230225,0.0,1
69901.78,0.68,0.68,801.1,1.2787415313720703,68.0,100000
108905.2,0.78,0.78,752.72,1.2050252676010131,78.0,200000
147149.1,0.68,0.68,770.04,1.2195857286453247,68.0,300000
183299.34,0.78,0.78,677.62,1.0485476875305175,78.0,400000
218139.88,0.8,0.8,726.62,1.1976666021347047,80.0,500000
