evaluation/total.timesteps,evaluation/episode.final_reward,evaluation/episode.return,evaluation/episode.length,evaluation/episode.duration,evaluation/episode.normalized_return,step
25500.0,0.0,0.0,1000.0,1.5057861471176148,0.0,1
69605.04,0.42,0.42,772.32,0.9611539459228515,42.0,100000
104915.28,0.68,0.68,645.74,0.8055409622192383,68.0,200000
136687.62,0.68,0.68,633.68,0.7960824346542359,68.0,300000
169334.1,0.66,0.66,626.92,0.7800663566589355,66.0,400000
203690.3,0.4,0.4,808.92,1.014844536781311,40.0,500000
