evaluation/total.timesteps,evaluation/episode.final_reward,evaluation/episode.return,evaluation/episode.length,evaluation/episode.duration,evaluation/episode.normalized_return,step
17850.0,0.0,0.0,700.0,5.572786693572998,0.0,1
41556.18,0.86,0.86,262.12,2.079853024482727,86.0,100000
55534.14,0.88,0.88,285.32,2.2641301727294922,88.0,200000
67329.6,0.96,0.96,192.92,1.5164976167678832,96.0,300000
79819.42,0.8,0.8,286.54,2.2405498695373534,80.0,400000
94974.76,0.74,0.74,328.72,2.633115544319153,74.0,500000
