evaluation/total.timesteps,evaluation/episode.final_reward,evaluation/episode.return,evaluation/episode.length,evaluation/episode.duration,evaluation/episode.normalized_return,step
25500.0,0.0,0.0,1000.0,1.0781510734558106,0.0,1
73184.84,0.14,0.14,920.22,0.9866226196289063,14.0,100000
119079.2,0.18,0.18,908.72,0.9935055685043335,18.0,200000
166361.8,0.02,0.02,986.7,1.0821486186981202,2.0,300000
213422.28,0.22,0.22,900.06,0.9906766653060913,22.0,400000
259841.84,0.12,0.12,934.52,1.0356842279434204,12.0,500000
