evaluation/total.timesteps,evaluation/episode.final_reward,evaluation/episode.return,evaluation/episode.length,evaluation/episode.duration,evaluation/episode.normalized_return,step
17850.0,0.0,0.0,700.0,0.6549646472930908,0.0,1
46465.22,0.66,0.66,448.86,0.4328779268264771,66.0,100000
65762.3,0.72,0.72,333.14,0.3330718994140625,72.0,200000
80537.9,0.88,0.88,261.36,0.2576938819885254,88.0,300000
93890.08,0.82,0.82,299.78,0.2932750415802002,82.0,400000
109887.36,0.86,0.86,270.82,0.26123698711395266,86.0,500000
