evaluation/total.timesteps,evaluation/episode.final_reward,evaluation/episode.return,evaluation/episode.length,evaluation/episode.duration,evaluation/episode.normalized_return,step
25500.0,0.0,0.0,1000.0,1.2198552894592285,0.0,1
75405.7,0.02,0.02,997.7,1.2328374147415162,2.0,100000
125383.42,0.02,0.02,998.42,1.2261730432510376,2.0,200000
174299.68,0.1,0.1,971.28,1.176178674697876,10.0,300000
223866.3,0.02,0.02,999.9,1.2240882158279418,2.0,400000
273743.56,0.04,0.04,995.14,1.2207796335220338,4.0,500000
