evaluation/total.timesteps,evaluation/episode.final_reward,evaluation/episode.return,evaluation/episode.length,evaluation/episode.duration,evaluation/episode.normalized_return,step
17850.0,0.0,0.0,700.0,1.1382834386825562,0.0,1
46630.96,0.58,0.58,485.0,0.7280094623565674,58.0,100000
69283.0,0.76,0.76,381.72,0.5819988489151001,76.0,200000
87467.12,0.8,0.8,337.24,0.47941792964935304,80.0,300000
102568.48,0.86,0.86,273.94,0.4032823371887207,86.0,400000
116728.12,0.84,0.84,324.58,0.37852957725524905,84.0,500000
