evaluation/total.timesteps,evaluation/episode.final_reward,evaluation/episode.return,evaluation/episode.length,evaluation/episode.duration,evaluation/episode.normalized_return,step
25500.0,0.0,0.0,1000.0,1.088012580871582,0.0,1
74424.56,0.1,0.1,952.9,1.05769024848938,10.0,100000
121518.04,0.12,0.12,948.94,1.0542080736160278,12.0,200000
169048.04,0.1,0.1,935.92,1.0333604526519775,10.0,300000
215386.66,0.22,0.22,909.62,1.010110421180725,22.0,400000
261536.54,0.12,0.12,949.1,1.0445664787292481,12.0,500000
