evaluation/total.timesteps,evaluation/episode.final_reward,evaluation/episode.return,evaluation/episode.length,evaluation/episode.duration,evaluation/episode.normalized_return,step
25500.0,0.0,0.0,1000.0,1.1883356475830078,0.0,1
74834.36,0.08,0.08,977.48,1.184507155418396,8.0,100000
124305.12,0.02,0.02,998.36,1.2046738004684447,2.0,200000
173895.16,0.1,0.1,982.92,1.1787843799591065,10.0,300000
221899.66,0.24,0.24,933.2,1.1090384769439696,24.0,400000
264812.48,0.54,0.54,793.24,0.9400314378738404,54.0,500000
