evaluation/total.timesteps,evaluation/episode.final_reward,evaluation/episode.return,evaluation/episode.length,evaluation/episode.duration,evaluation/episode.normalized_return,step
25500.0,0.0,0.0,1000.0,1.0791106510162354,0.0,1
72980.3,0.2,0.2,895.76,0.9610414981842041,20.0,100000
117112.88,0.26,0.26,866.3,0.9275096082687377,26.0,200000
162372.22,0.1,0.1,946.74,1.0168196201324462,10.0,300000
209591.44,0.14,0.14,926.98,0.9983877420425415,14.0,400000
256538.72,0.08,0.08,956.3,1.008002848625183,8.0,500000
