evaluation/total.timesteps,evaluation/episode.final_reward,evaluation/episode.return,evaluation/episode.length,evaluation/episode.duration,evaluation/episode.normalized_return,step
25500.0,0.0,0.0,1000.0,1.0867786931991577,0.0,1
72077.44,0.24,0.24,879.7,0.9561291265487671,24.0,100000
114496.36,0.46,0.46,766.58,0.8275425815582276,46.0,200000
153903.48,0.32,0.32,830.26,0.8893065595626831,32.0,300000
198190.98,0.1,0.1,958.5,1.0440777778625487,10.0,400000
244064.26,0.3,0.3,860.82,0.9380251884460449,30.0,500000
