evaluation/total.timesteps,evaluation/episode.final_reward,evaluation/episode.return,evaluation/episode.length,evaluation/episode.duration,evaluation/episode.normalized_return,step
25500.0,0.0,0.0,1000.0,1.615362391471863,0.0,1
75026.28,0.12,0.12,978.18,1.5331932830810546,12.0,100000
120714.76,0.42,0.42,842.9,1.3164698266983033,42.0,200000
162501.48,0.48,0.48,836.56,1.3035346794128417,48.0,300000
202491.54,0.64,0.64,756.76,1.185219511985779,64.0,400000
238742.62,0.7,0.7,729.64,1.1398062753677367,70.0,500000
