evaluation/total.timesteps,evaluation/episode.final_reward,evaluation/episode.return,evaluation/episode.length,evaluation/episode.duration,evaluation/episode.normalized_return,step
25500.0,0.0,0.0,1000.0,1.2048589944839478,0.0,1
74036.82,0.22,0.22,944.14,1.1409412288665772,22.0,100000
122427.36,0.1,0.1,981.66,1.174658889770508,10.0,200000
171235.34,0.06,0.06,986.2,1.194959921836853,6.0,300000
219509.9,0.14,0.14,958.34,1.1646383333206176,14.0,400000
268577.98,0.1,0.1,977.82,1.1801117277145385,10.0,500000
