evaluation/total.timesteps,evaluation/episode.final_reward,evaluation/episode.return,evaluation/episode.length,evaluation/episode.duration,evaluation/episode.normalized_return,step
25500.0,0.0,0.0,1000.0,1.2576987028121949,0.0,1
73472.88,0.28,0.28,905.48,1.1109039831161498,28.0,100000
120096.38,0.12,0.12,970.96,1.1988638925552368,12.0,200000
168147.62,0.12,0.12,954.58,1.1608749055862426,12.0,300000
215907.66,0.12,0.12,964.96,1.197579927444458,12.0,400000
264246.8,0.1,0.1,966.26,1.1918183851242066,10.0,500000
