evaluation/total.timesteps,evaluation/episode.final_reward,evaluation/episode.return,evaluation/episode.length,evaluation/episode.duration,evaluation/episode.normalized_return,step
25500.0,0.0,0.0,1000.0,1.201472225189209,0.0,1
75500.0,0.0,0.0,1000.0,1.1959736967086791,0.0,100000
123513.58,0.24,0.24,927.92,1.0983851194381713,24.0,200000
169138.8,0.4,0.4,885.94,1.055102310180664,40.0,300000
213819.9,0.4,0.4,875.6,1.0425088262557984,40.0,400000
259560.8,0.16,0.16,969.42,1.1700591135025025,16.0,500000
