evaluation/total.timesteps,evaluation/episode.final_reward,evaluation/episode.return,evaluation/episode.length,evaluation/episode.duration,evaluation/episode.normalized_return,step
25500.0,0.0,0.0,1000.0,1.2248443269729614,0.0,1
74630.76,0.14,0.14,966.16,1.1681710147857667,14.0,100000
122759.48,0.14,0.14,968.04,1.1644481945037841,14.0,200000
171483.9,0.12,0.12,965.5,1.1682466220855714,12.0,300000
220419.64,0.02,0.02,996.56,1.213118348121643,2.0,400000
270164.2,0.04,0.04,993.38,1.2015304803848266,4.0,500000
