evaluation/total.timesteps,evaluation/episode.final_reward,evaluation/episode.return,evaluation/episode.length,evaluation/episode.duration,evaluation/episode.normalized_return,step
17850.0,0.0,0.0,700.0,0.6993282604217529,0.0,1
49171.86,0.46,0.46,565.56,0.5463884592056274,46.0,100000
76947.02,0.44,0.44,510.1,0.5107195091247558,44.0,200000
98691.2,0.72,0.72,375.38,0.3723566722869873,72.0,300000
117689.54,0.68,0.68,383.38,0.38301892280578614,68.0,400000
135421.8,0.76,0.76,355.68,0.35624834537506106,76.0,500000
