evaluation/total.timesteps,evaluation/episode.final_reward,evaluation/episode.return,evaluation/episode.length,evaluation/episode.duration,evaluation/episode.normalized_return,step
17850.0,0.0,0.0,700.0,0.683696584701538,0.0,1
49713.3,0.26,0.26,596.62,0.5641994428634644,26.0,100000
77471.42,0.54,0.54,481.96,0.4741252040863037,54.0,200000
102078.16,0.42,0.42,507.04,0.498443922996521,42.0,300000
124142.84,0.7,0.7,372.24,0.360179762840271,70.0,400000
146633.7,0.42,0.42,526.1,0.5060084009170532,42.0,500000
