evaluation/total.timesteps,evaluation/episode.final_reward,evaluation/episode.return,evaluation/episode.length,evaluation/episode.duration,evaluation/episode.normalized_return,step
25500.0,0.0,0.0,1000.0,1.7768618297576904,0.0,1
73689.08,0.3,0.3,936.02,1.4681595277786255,30.0,100000
119403.08,0.36,0.36,895.88,1.3963750457763673,36.0,200000
163689.0,0.32,0.32,873.42,1.3629820680618285,32.0,300000
204750.1,0.48,0.48,797.06,1.2457009506225587,48.0,400000
242203.02,0.7,0.7,682.26,1.0501135873794556,70.0,500000
