evaluation/total.timesteps,evaluation/episode.final_reward,evaluation/episode.return,evaluation/episode.length,evaluation/episode.duration,evaluation/episode.normalized_return,step
25500.0,0.0,0.0,1000.0,1.2408441066741944,0.0,1
74857.02,0.16,0.16,970.16,1.2206170749664307,16.0,100000
122575.4,0.14,0.14,957.66,1.2104793167114258,14.0,200000
170972.88,0.14,0.14,972.08,1.1948883581161498,14.0,300000
220256.86,0.04,0.04,991.46,1.2342985105514526,4.0,400000
269977.76,0.02,0.02,994.36,1.23306058883667,2.0,500000
