evaluation/total.timesteps,evaluation/episode.final_reward,evaluation/episode.return,evaluation/episode.length,evaluation/episode.duration,evaluation/episode.normalized_return,step
25500.0,0.0,0.0,1000.0,1.0562650346755982,0.0,1
74830.28,0.16,0.16,956.7,1.1992696714401245,16.0,100000
119483.36,0.22,0.22,887.52,0.9501644515991211,22.0,200000
167238.18,0.02,0.02,989.94,1.074844160079956,2.0,300000
214851.54,0.16,0.16,914.88,0.9968404150009156,16.0,400000
261162.8,0.12,0.12,936.48,1.0190727996826172,12.0,500000
