evaluation/total.timesteps,evaluation/episode.final_reward,evaluation/episode.return,evaluation/episode.length,evaluation/episode.duration,evaluation/episode.normalized_return,step
25500.0,0.0,0.0,1000.0,1.2258014488220215,0.0,1
74402.84,0.16,0.16,958.26,1.1541618204116821,16.0,100000
121708.3,0.18,0.18,944.0,1.1251912879943848,18.0,200000
168855.06,0.2,0.2,930.66,1.0967477989196777,20.0,300000
217146.0,0.0,0.0,1000.0,1.1933457612991334,0.0,400000
266929.1,0.02,0.02,995.18,1.191851830482483,2.0,500000
