evaluation/total.timesteps,evaluation/episode.final_reward,evaluation/episode.return,evaluation/episode.length,evaluation/episode.duration,evaluation/episode.normalized_return,step
17850.0,0.0,0.0,700.0,0.7250373697280884,0.0,1
45275.38,0.76,0.76,392.96,0.37480892658233644,76.0,100000
67452.94,0.38,0.38,534.4,0.5421410942077637,38.0,200000
89373.7,0.76,0.76,316.08,0.3075356340408325,76.0,300000
107492.14,0.66,0.66,435.2,0.42718255043029785,66.0,400000
131123.12,0.42,0.42,508.58,0.5075259065628052,42.0,500000
