evaluation/total.timesteps,evaluation/episode.final_reward,evaluation/episode.return,evaluation/episode.length,evaluation/episode.duration,evaluation/episode.normalized_return,step
25500.0,0.0,0.0,1000.0,1.2115788269042969,0.0,1
75039.74,0.12,0.12,968.76,1.182167377471924,12.0,100000
122681.84,0.2,0.2,955.78,1.1701143169403077,20.0,200000
171517.88,0.06,0.06,990.92,1.2115508174896241,6.0,300000
220387.68,0.12,0.12,974.7,1.215321683883667,12.0,400000
269618.3,0.08,0.08,984.94,1.1864487028121948,8.0,500000
