evaluation/total.timesteps,evaluation/episode.final_reward,evaluation/episode.return,evaluation/episode.length,evaluation/episode.duration,evaluation/episode.normalized_return,step
17850.0,0.0,0.0,700.0,0.6839698123931884,0.0,1
40814.28,0.86,0.86,228.82,0.21936698913574218,86.0,100000
50320.52,0.98,0.98,158.92,0.15478103160858153,98.0,200000
59051.68,0.92,0.92,190.2,0.18975480079650878,92.0,300000
68741.44,0.96,0.96,176.76,0.17135001659393312,96.0,400000
77191.36,0.96,0.96,174.7,0.1779660987854004,96.0,500000
