evaluation/total.timesteps,evaluation/episode.final_reward,evaluation/episode.return,evaluation/episode.length,evaluation/episode.duration,evaluation/episode.normalized_return,step
25500.0,0.0,0.0,1000.0,1.0990750503540039,0.0,1
69121.88,0.42,0.42,778.96,0.8325408935546875,42.0,100000
108950.64,0.42,0.42,733.24,0.7913925933837891,42.0,200000
146968.2,0.3,0.3,840.24,0.9100037622451782,30.0,300000
190372.06,0.18,0.18,896.5,0.9672970628738403,18.0,400000
235750.8,0.14,0.14,925.3,0.9962225246429444,14.0,500000
