evaluation/total.timesteps,evaluation/episode.final_reward,evaluation/episode.return,evaluation/episode.length,evaluation/episode.duration,evaluation/episode.normalized_return,step
25500.0,0.0,0.0,1000.0,1.0969874906539916,0.0,1
72333.32,0.28,0.28,844.48,0.9353460311889649,28.0,100000
114637.74,0.22,0.22,881.46,0.9664762687683105,22.0,200000
155068.04,0.52,0.52,743.3,0.8158735227584839,52.0,300000
196399.7,0.2,0.2,902.72,1.0058385086059571,20.0,400000
242469.66,0.1,0.1,937.72,1.0338625383377076,10.0,500000
