evaluation/total.timesteps,evaluation/episode.final_reward,evaluation/episode.return,evaluation/episode.length,evaluation/episode.duration,evaluation/episode.normalized_return,step
25500.0,0.0,0.0,1000.0,1.196941328048706,0.0,1
74877.52,0.12,0.12,959.58,1.1674016475677491,12.0,100000
122847.52,0.1,0.1,977.06,1.1724542713165282,10.0,200000
171940.26,0.06,0.06,987.04,1.1716186571121217,6.0,300000
221633.6,0.02,0.02,994.4,1.1980505990982055,2.0,400000
271380.48,0.02,0.02,999.02,1.170379981994629,2.0,500000
