evaluation/total.timesteps,evaluation/episode.final_reward,evaluation/episode.return,evaluation/episode.length,evaluation/episode.duration,evaluation/episode.normalized_return,step
25500.0,0.0,0.0,1000.0,1.740538911819458,0.0,1
67619.92,0.72,0.72,677.14,1.0074176406860351,72.0,100000
101402.44,0.76,0.76,725.9,1.1685917615890502,76.0,200000
138136.38,0.72,0.72,699.82,1.1098508024215699,72.0,300000
167896.16,0.94,0.94,527.14,0.8545081281661987,94.0,400000
196148.12,0.86,0.86,580.9,0.9075327920913696,86.0,500000
