evaluation/total.timesteps,evaluation/episode.final_reward,evaluation/episode.return,evaluation/episode.length,evaluation/episode.duration,evaluation/episode.normalized_return,step
25500.0,0.0,0.0,1000.0,1.241309232711792,0.0,1
67203.88,0.74,0.74,688.06,0.8206659936904908,74.0,100000
99369.62,0.84,0.84,596.98,0.7263612270355224,84.0,200000
129193.5,0.84,0.84,588.3,0.7086377191543579,84.0,300000
158387.52,0.84,0.84,545.4,0.6648814868927002,84.0,400000
183434.8,0.88,0.88,520.2,0.6250982570648194,88.0,500000
