evaluation/total.timesteps,evaluation/episode.final_reward,evaluation/episode.return,evaluation/episode.length,evaluation/episode.duration,evaluation/episode.normalized_return,step
17850.0,0.0,0.0,700.0,0.7076700115203858,0.0,1
47341.88,0.64,0.64,479.92,0.47376993656158445,64.0,100000
71061.24,0.5,0.5,493.04,0.4885659503936768,50.0,200000
95027.92,0.56,0.56,442.14,0.43908058166503905,56.0,300000
113031.96,0.9,0.9,287.26,0.28275909900665286,90.0,400000
132722.46,0.52,0.52,501.84,0.49896606922149656,52.0,500000
