evaluation/total.timesteps,evaluation/episode.final_reward,evaluation/episode.return,evaluation/episode.length,evaluation/episode.duration,evaluation/episode.normalized_return,step
17850.0,0.0,0.0,700.0,0.9870499849319458,0.0,1
42279.6,0.92,0.92,288.28,0.376308798789978,92.0,100000
56750.64,0.94,0.94,291.78,0.3862333965301514,94.0,200000
71536.88,0.92,0.92,281.62,0.38674325466156007,92.0,300000
85657.06,0.84,0.84,293.82,0.3939358377456665,84.0,400000
99711.3,0.84,0.84,286.4,0.38071064949035643,84.0,500000
