evaluation/total.timesteps,evaluation/episode.final_reward,evaluation/episode.return,evaluation/episode.length,evaluation/episode.duration,evaluation/episode.normalized_return,step
25500.0,0.0,0.0,1000.0,1.0981102895736694,0.0,1
70085.38,0.38,0.38,797.48,0.8824269151687623,38.0,100000
112070.92,0.28,0.28,852.82,0.9335372400283813,28.0,200000
157240.18,0.08,0.08,967.32,1.0463236045837403,8.0,300000
204721.96,0.22,0.22,923.58,1.017650294303894,22.0,400000
252225.74,0.06,0.06,987.86,1.076863055229187,6.0,500000
