evaluation/total.timesteps,evaluation/episode.final_reward,evaluation/episode.return,evaluation/episode.length,evaluation/episode.duration,evaluation/episode.normalized_return,step
17850.0,0.0,0.0,700.0,0.6916167688369751,0.0,1
39659.34,0.92,0.92,204.04,0.19510297298431398,92.0,100000
50677.38,0.9,0.9,200.7,0.19833256244659425,90.0,200000
59647.4,0.94,0.94,178.0,0.17807801246643065,94.0,300000
69394.86,0.92,0.92,200.46,0.26570834636688234,92.0,400000
79712.1,0.9,0.9,229.34,0.28017443656921387,90.0,500000
