evaluation/total.timesteps,evaluation/episode.final_reward,evaluation/episode.return,evaluation/episode.length,evaluation/episode.duration,evaluation/episode.normalized_return,step
17850.0,0.0,0.0,700.0,0.9948543119430542,0.0,1
41828.62,1.0,1.0,258.34,0.3404390001296997,100.0,100000
53989.06,0.92,0.92,231.42,0.30557730197906496,92.0,200000
66212.26,0.88,0.88,276.42,0.3655441427230835,88.0,300000
78048.4,0.96,0.96,189.96,0.2539822006225586,96.0,400000
88766.54,0.9,0.9,236.18,0.31407402992248534,90.0,500000
