evaluation/total.timesteps,evaluation/episode.final_reward,evaluation/episode.return,evaluation/episode.length,evaluation/episode.duration,evaluation/episode.normalized_return,step
17850.0,0.0,0.0,700.0,0.7000774908065795,0.0,1
41020.24,0.86,0.86,230.44,0.2279869270324707,86.0,100000
52763.74,0.84,0.84,237.94,0.23810243606567383,84.0,200000
62618.74,0.96,0.96,170.52,0.16979608058929443,96.0,300000
71498.22,0.92,0.92,194.96,0.18994568347930907,92.0,400000
81993.22,0.92,0.92,202.92,0.2057698440551758,92.0,500000
