evaluation/total.timesteps,evaluation/episode.final_reward,evaluation/episode.return,evaluation/episode.length,evaluation/episode.duration,evaluation/episode.normalized_return,step
25500.0,0.0,0.0,1000.0,1.1040090417861939,0.0,1
71982.2,0.2,0.2,867.94,0.9952123212814331,20.0,100000
110945.58,0.56,0.56,691.1,0.7669338703155517,56.0,200000
148841.0,0.3,0.3,844.94,0.9228237867355347,30.0,300000
191013.7,0.3,0.3,850.04,0.9404971837997437,30.0,400000
236765.94,0.12,0.12,939.38,1.021668872833252,12.0,500000
