evaluation/total.timesteps,evaluation/episode.final_reward,evaluation/episode.return,evaluation/episode.length,evaluation/episode.duration,evaluation/episode.normalized_return,step
25500.0,0.0,0.0,1000.0,1.0412500047683715,0.0,1
68584.16,0.56,0.56,724.38,0.7643172740936279,56.0,100000
98922.12,0.78,0.78,489.3,0.5120340633392334,78.0,200000
122075.3,0.82,0.82,467.08,0.49100969314575194,82.0,300000
146253.42,0.82,0.82,464.68,0.48547140598297117,82.0,400000
168767.22,0.78,0.78,476.28,0.5029303216934204,78.0,500000
