evaluation/total.timesteps,evaluation/episode.final_reward,evaluation/episode.return,evaluation/episode.length,evaluation/episode.duration,evaluation/episode.normalized_return,step
17850.0,0.0,0.0,700.0,0.7016390657424927,0.0,1
47577.96,0.58,0.58,492.36,0.4872691535949707,58.0,100000
72328.22,0.56,0.56,482.42,0.5681419658660889,56.0,200000
95685.34,0.5,0.5,462.76,0.558339729309082,50.0,300000
117560.48,0.64,0.64,430.76,0.44361907958984376,64.0,400000
138053.36,0.66,0.66,385.3,0.3849650287628174,66.0,500000
