evaluation/total.timesteps,evaluation/episode.final_reward,evaluation/episode.return,evaluation/episode.length,evaluation/episode.duration,evaluation/episode.normalized_return,step
25500.0,0.0,0.0,1000.0,1.081645736694336,0.0,1
67779.78,0.52,0.52,727.68,0.7778666353225708,52.0,100000
108053.32,0.24,0.24,865.6,0.9286158800125122,24.0,200000
149288.64,0.44,0.44,754.44,0.8098224258422851,44.0,300000
190675.56,0.14,0.14,908.28,0.9635924291610718,14.0,400000
237656.7,0.04,0.04,983.64,1.0413558721542358,4.0,500000
