evaluation/total.timesteps,evaluation/episode.final_reward,evaluation/episode.return,evaluation/episode.length,evaluation/episode.duration,evaluation/episode.normalized_return,step
17850.0,0.0,0.0,700.0,0.7008348369598388,0.0,1
41050.6,0.88,0.88,225.32,0.22038089752197265,88.0,100000
51627.14,0.86,0.86,226.82,0.22698264598846435,86.0,200000
63280.38,0.88,0.88,215.1,0.21461846351623534,88.0,300000
73174.78,0.94,0.94,179.54,0.17815656185150147,94.0,400000
81985.9,0.94,0.94,186.06,0.19328915119171142,94.0,500000
