evaluation/total.timesteps,evaluation/episode.final_reward,evaluation/episode.return,evaluation/episode.length,evaluation/episode.duration,evaluation/episode.normalized_return,step
17850.0,0.0,0.0,700.0,1.0127256059646605,0.0,1
42670.38,0.82,0.82,295.36,0.4022774982452393,82.0,100000
55493.2,0.86,0.86,248.68,0.32643957138061525,86.0,200000
68853.0,0.84,0.84,276.46,0.3722759389877319,84.0,300000
81702.76,0.84,0.84,251.22,0.33492973804473875,84.0,400000
94012.74,0.92,0.92,213.4,0.2846080255508423,92.0,500000
