evaluation/total.timesteps,evaluation/episode.final_reward,evaluation/episode.return,evaluation/episode.length,evaluation/episode.duration,evaluation/episode.normalized_return,step
25500.0,0.0,0.0,1000.0,1.0785236883163452,0.0,1
73344.26,0.2,0.2,913.8,0.98596435546875,20.0,100000
120179.34,0.16,0.16,941.58,1.0295746612548828,16.0,200000
167969.0,0.02,0.02,987.5,1.0809999561309815,2.0,300000
216998.88,0.12,0.12,974.42,1.088401927947998,12.0,400000
265497.1,0.06,0.06,971.0,1.183723726272583,6.0,500000
