evaluation/total.timesteps,evaluation/episode.final_reward,evaluation/episode.return,evaluation/episode.length,evaluation/episode.duration,evaluation/episode.normalized_return,step
25500.0,0.0,0.0,1000.0,1.370192723274231,0.0,1
66736.42,0.62,0.62,676.18,0.8704675912857056,62.0,100000
104150.16,0.4,0.4,809.76,1.0256613063812257,40.0,200000
146266.52,0.32,0.32,843.94,1.0375162649154663,32.0,300000
182896.32,0.72,0.72,610.12,0.7697160434722901,72.0,400000
214557.02,0.64,0.64,686.54,0.8665802907943726,64.0,500000
