evaluation/total.timesteps,evaluation/episode.final_reward,evaluation/episode.return,evaluation/episode.length,evaluation/episode.duration,evaluation/episode.normalized_return,step
17850.0,0.0,0.0,700.0,0.7125708150863648,0.0,1
39538.8,0.94,0.94,185.58,0.18423474788665772,94.0,100000
49710.82,0.9,0.9,201.78,0.2052018690109253,90.0,200000
59994.04,0.9,0.9,208.38,0.2111037254333496,90.0,300000
69438.02,0.94,0.94,174.68,0.17496018886566161,94.0,400000
79049.32,0.92,0.92,204.32,0.20130589008331298,92.0,500000
