evaluation/total.timesteps,evaluation/episode.final_reward,evaluation/episode.return,evaluation/episode.length,evaluation/episode.duration,evaluation/episode.normalized_return,step
17850.0,0.0,0.0,700.0,0.7439051914215088,0.0,1
46905.96,0.7,0.7,456.1,0.45000622272491453,70.0,100000
70252.22,0.56,0.56,481.02,0.4937240552902222,56.0,200000
91718.82,0.62,0.62,412.62,0.4151955699920654,62.0,300000
111518.08,0.7,0.7,372.62,0.3727249574661255,70.0,400000
131209.74,0.62,0.62,401.28,0.39690777778625486,62.0,500000
