evaluation/total.timesteps,evaluation/episode.final_reward,evaluation/episode.return,evaluation/episode.length,evaluation/episode.duration,evaluation/episode.normalized_return,step
17850.0,0.0,0.0,700.0,0.6954149723052978,0.0,1
49332.26,0.44,0.44,552.26,0.5482178163528443,44.0,100000
74249.06,0.58,0.58,468.74,0.4849984931945801,58.0,200000
97459.68,0.56,0.56,445.5,0.4516894865036011,56.0,300000
117091.16,0.74,0.74,341.68,0.31819873809814453,74.0,400000
132962.08,0.86,0.86,320.6,0.31382141590118406,86.0,500000
