evaluation/total.timesteps,evaluation/episode.final_reward,evaluation/episode.return,evaluation/episode.length,evaluation/episode.duration,evaluation/episode.normalized_return,step
25500.0,0.0,0.0,1000.0,1.7304655122756958,0.0,1
67669.78,0.6,0.6,685.66,0.9743536233901977,60.0,100000
101299.2,0.58,0.58,682.68,0.974861102104187,58.0,200000
137822.58,0.54,0.54,750.04,1.0646412467956543,54.0,300000
172400.98,0.64,0.64,666.66,0.9483597230911255,64.0,400000
212364.28,0.28,0.28,863.1,1.259501919746399,28.0,500000
