evaluation/total.timesteps,evaluation/episode.final_reward,evaluation/episode.return,evaluation/episode.length,evaluation/episode.duration,evaluation/episode.normalized_return,step
25500.0,0.0,0.0,1000.0,1.073837308883667,0.0,1
69777.7,0.46,0.46,778.34,0.835640926361084,46.0,100000
107654.94,0.36,0.36,776.98,0.8247972202301025,36.0,200000
146465.06,0.5,0.5,739.58,0.7978425645828247,50.0,300000
187424.74,0.22,0.22,853.86,0.9143741273880005,22.0,400000
232270.0,0.08,0.08,972.62,1.0426881647109985,8.0,500000
