evaluation/total.timesteps,evaluation/episode.final_reward,evaluation/episode.return,evaluation/episode.length,evaluation/episode.duration,evaluation/episode.normalized_return,step
17850.0,0.0,0.0,700.0,0.694015154838562,0.0,1
46567.12,0.62,0.62,438.9,0.43539146900177,62.0,100000
71428.1,0.38,0.38,524.56,0.5263094663619995,38.0,200000
90688.4,0.88,0.88,269.96,0.26316174507141116,88.0,300000
109384.68,0.44,0.44,527.0,0.5204955863952637,44.0,400000
133969.14,0.58,0.58,435.26,0.4277443313598633,58.0,500000
