evaluation/total.timesteps,evaluation/episode.final_reward,evaluation/episode.return,evaluation/episode.length,evaluation/episode.duration,evaluation/episode.normalized_return,step
25500.0,0.0,0.0,1000.0,1.2172527074813844,0.0,1
74931.38,0.08,0.08,980.14,1.1867046070098877,8.0,100000
124188.84,0.04,0.04,988.7,1.2012100553512572,4.0,200000
173506.64,0.1,0.1,985.26,1.1963822746276855,10.0,300000
223205.0,0.0,0.0,1000.0,1.2368129873275757,0.0,400000
273205.0,0.0,0.0,1000.0,1.2354113960266113,0.0,500000
