evaluation/total.timesteps,evaluation/episode.final_reward,evaluation/episode.return,evaluation/episode.length,evaluation/episode.duration,evaluation/episode.normalized_return,step
25500.0,0.0,0.0,1000.0,1.2076362562179566,0.0,1
74653.72,0.16,0.16,961.02,1.1715726041793824,16.0,100000
123032.22,0.1,0.1,980.04,1.2072713804244994,10.0,200000
172065.7,0.1,0.1,984.7,1.182488307952881,10.0,300000
221641.32,0.02,0.02,992.28,1.2181164312362671,2.0,400000
270815.52,0.1,0.1,980.58,1.1855092430114746,10.0,500000
