evaluation/total.timesteps,evaluation/episode.final_reward,evaluation/episode.return,evaluation/episode.length,evaluation/episode.duration,evaluation/episode.normalized_return,step
17850.0,0.0,0.0,700.0,0.6775177574157715,0.0,1
39224.98,0.96,0.96,167.04,0.1639603090286255,96.0,100000
48584.18,0.88,0.88,213.74,0.20939598560333253,88.0,200000
60133.24,0.86,0.86,224.8,0.22111289024353029,86.0,300000
69597.22,0.94,0.94,176.64,0.17514434337615967,94.0,400000
79085.9,0.92,0.92,198.26,0.19841987609863282,92.0,500000
