evaluation/total.timesteps,evaluation/episode.final_reward,evaluation/episode.return,evaluation/episode.length,evaluation/episode.duration,evaluation/episode.normalized_return,step
25500.0,0.0,0.0,1000.0,1.4704580640792846,0.0,1
65663.18,0.72,0.72,603.88,0.8613843441009521,72.0,100000
99935.48,0.46,0.46,804.36,1.1424480056762696,46.0,200000
137186.3,0.72,0.72,626.84,0.8937698602676392,72.0,300000
167838.94,0.7,0.7,616.58,0.8561894559860229,70.0,400000
201211.48,0.62,0.62,691.24,0.979511022567749,62.0,500000
