evaluation/total.timesteps,evaluation/episode.final_reward,evaluation/episode.return,evaluation/episode.length,evaluation/episode.duration,evaluation/episode.normalized_return,step
17850.0,0.0,0.0,700.0,0.7102386617660522,0.0,1
47728.32,0.56,0.56,496.06,0.4849270725250244,56.0,100000
70855.02,0.56,0.56,458.82,0.46907777309417725,56.0,200000
92458.58,0.72,0.72,380.56,0.380459623336792,72.0,300000
112907.16,0.68,0.68,392.68,0.3898211240768433,68.0,400000
129254.4,0.78,0.78,320.2,0.32382601737976074,78.0,500000
