evaluation/total.timesteps,evaluation/episode.final_reward,evaluation/episode.return,evaluation/episode.length,evaluation/episode.duration,evaluation/episode.normalized_return,step
25500.0,0.0,0.0,1000.0,1.5828428888320922,0.0,1
69142.7,0.74,0.74,791.76,1.3656919145584105,74.0,100000
109125.96,0.64,0.64,786.42,1.3444131803512573,64.0,200000
149105.02,0.64,0.64,812.5,1.3494944477081299,64.0,300000
192139.06,0.46,0.46,858.66,1.4173729610443115,46.0,400000
234198.28,0.52,0.52,836.92,1.4723437547683715,52.0,500000
