evaluation/total.timesteps,evaluation/episode.final_reward,evaluation/episode.return,evaluation/episode.length,evaluation/episode.duration,evaluation/episode.normalized_return,step
17850.0,0.0,0.0,700.0,1.0254613876342773,0.0,1
51993.86,0.1,0.1,670.3,0.898690767288208,10.0,100000
83571.78,0.4,0.4,587.7,0.7937978315353393,40.0,200000
108998.7,0.68,0.68,446.3,0.5962868356704711,68.0,300000
136150.3,0.3,0.3,618.46,0.8305122327804565,30.0,400000
160947.0,0.66,0.66,408.26,0.5466109561920166,66.0,500000
