evaluation/total.timesteps,evaluation/episode.final_reward,evaluation/episode.return,evaluation/episode.length,evaluation/episode.duration,evaluation/episode.normalized_return,step
25500.0,0.0,0.0,1000.0,1.2061112213134766,0.0,1
75175.12,0.12,0.12,986.72,1.2012195539474488,12.0,100000
124836.0,0.0,0.0,1000.0,1.21600576877594,0.0,200000
173625.7,0.24,0.24,949.2,1.1494624614715576,24.0,300000
222080.96,0.02,0.02,993.28,1.2008205461502075,2.0,400000
271892.92,0.02,0.02,997.42,1.1846927165985108,2.0,500000
