evaluation/total.timesteps,evaluation/episode.final_reward,evaluation/episode.return,evaluation/episode.length,evaluation/episode.duration,evaluation/episode.normalized_return,step
25500.0,0.0,0.0,1000.0,1.3143946886062623,0.0,1
66455.58,0.62,0.62,649.98,0.815262475013733,62.0,100000
104426.52,0.36,0.36,836.02,1.0691135120391846,36.0,200000
145915.9,0.26,0.26,855.92,1.0756850957870483,26.0,300000
186779.72,0.4,0.4,769.64,0.9625061845779419,40.0,400000
228324.88,0.18,0.18,910.5,1.1652167224884034,18.0,500000
