evaluation/total.timesteps,evaluation/episode.final_reward,evaluation/episode.return,evaluation/episode.length,evaluation/episode.duration,evaluation/episode.normalized_return,step
25500.0,0.0,0.0,1000.0,1.1279961490631103,0.0,1
73885.06,0.12,0.12,928.12,1.0048237419128419,12.0,100000
121022.52,0.12,0.12,953.46,1.0371721506118774,12.0,200000
168646.04,0.08,0.08,954.08,1.0560527801513673,8.0,300000
215616.7,0.12,0.12,933.18,1.019679126739502,12.0,400000
260865.62,0.2,0.2,896.92,0.9835872364044189,20.0,500000
