evaluation/total.timesteps,evaluation/episode.final_reward,evaluation/episode.return,evaluation/episode.length,evaluation/episode.duration,evaluation/episode.normalized_return,step
17850.0,0.0,0.0,700.0,0.6878004884719848,0.0,1
46713.16,0.62,0.62,458.2,0.4518384742736816,62.0,100000
70321.58,0.5,0.5,497.36,0.49953039646148684,50.0,200000
94851.34,0.5,0.5,471.88,0.4677762699127197,50.0,300000
115611.76,0.72,0.72,363.46,0.3599140357971191,72.0,400000
133556.72,0.76,0.76,337.32,0.32974307537078856,76.0,500000
