evaluation/total.timesteps,evaluation/episode.final_reward,evaluation/episode.return,evaluation/episode.length,evaluation/episode.duration,evaluation/episode.normalized_return,step
25500.0,0.0,0.0,1000.0,1.2233533334732056,0.0,1
74028.82,0.16,0.16,962.88,1.167965579032898,16.0,100000
123188.88,0.08,0.08,985.38,1.1925155067443847,8.0,200000
172178.76,0.14,0.14,973.08,1.167455825805664,14.0,300000
221476.86,0.04,0.04,998.06,1.2183693838119507,4.0,400000
271156.4,0.02,0.02,993.6,1.193758292198181,2.0,500000
