evaluation/total.timesteps,evaluation/episode.final_reward,evaluation/episode.return,evaluation/episode.length,evaluation/episode.duration,evaluation/episode.normalized_return,step
17850.0,0.0,0.0,700.0,0.6979434680938721,0.0,1
40164.66,0.92,0.92,197.9,0.1934247350692749,92.0,100000
49017.24,0.98,0.98,160.28,0.15028257846832274,98.0,200000
58308.46,0.9,0.9,208.08,0.2533818101882935,90.0,300000
68252.26,0.9,0.9,198.98,0.2673212432861328,90.0,400000
78514.04,0.86,0.86,230.92,0.2316053867340088,86.0,500000
