evaluation/total.timesteps,evaluation/episode.final_reward,evaluation/episode.return,evaluation/episode.length,evaluation/episode.duration,evaluation/episode.normalized_return,step
25500.0,0.0,0.0,1000.0,1.10073842048645,0.0,1
70103.34,0.34,0.34,806.06,0.8884836149215698,34.0,100000
111802.72,0.18,0.18,874.06,0.9549777364730835,18.0,200000
154057.02,0.42,0.42,807.76,0.894511513710022,42.0,300000
196946.84,0.18,0.18,900.62,0.9836981582641602,18.0,400000
244741.04,0.06,0.06,982.9,1.073062858581543,6.0,500000
000
