evaluation/total.timesteps,evaluation/episode.final_reward,evaluation/episode.return,evaluation/episode.length,evaluation/episode.duration,evaluation/episode.normalized_return,step
25500.0,0.0,0.0,1000.0,1.0569147157669068,0.0,1
67641.22,0.68,0.68,683.88,0.7243194389343262,68.0,100000
100337.34,0.72,0.72,596.06,0.6412548828125,72.0,200000
128335.16,0.74,0.74,555.34,0.6039298009872437,74.0,300000
156136.96,0.78,0.78,551.74,0.6007131099700928,78.0,400000
184451.9,0.72,0.72,586.4,0.6376434326171875,72.0,500000
