evaluation/total.timesteps,evaluation/episode.final_reward,evaluation/episode.return,evaluation/episode.length,evaluation/episode.duration,evaluation/episode.normalized_return,step
25500.0,0.0,0.0,1000.0,1.088239493370056,0.0,1
69183.48,0.4,0.4,771.5,0.8341181516647339,40.0,100000
107753.86,0.38,0.38,776.68,0.831283278465271,38.0,200000
148732.32,0.34,0.34,828.74,0.8991247320175171,34.0,300000
190979.36,0.18,0.18,881.84,0.9602054309844971,18.0,400000
236505.52,0.14,0.14,936.38,1.0157319974899293,14.0,500000
