evaluation/total.timesteps,evaluation/episode.final_reward,evaluation/episode.return,evaluation/episode.length,evaluation/episode.duration,evaluation/episode.normalized_return,step
17850.0,0.0,0.0,700.0,0.8336396312713623,0.0,1
48054.42,0.5,0.5,525.62,0.5343779134750366,50.0,100000
72872.86,0.56,0.56,463.08,0.4668517780303955,56.0,200000
95336.78,0.64,0.64,437.7,0.5073192310333252,64.0,300000
114722.44,0.72,0.72,343.64,0.44292086601257324,72.0,400000
129315.16,0.92,0.92,239.08,0.24343882083892823,92.0,500000
