evaluation/total.timesteps,evaluation/episode.final_reward,evaluation/episode.return,evaluation/episode.length,evaluation/episode.duration,evaluation/episode.normalized_return,step
17850.0,0.0,0.0,700.0,0.6716124486923217,0.0,1
46055.46,0.52,0.52,452.0,0.44036317825317384,52.0,100000
64880.14,0.9,0.9,283.42,0.28214078426361083,90.0,200000
77116.76,0.94,0.94,211.54,0.21168280601501466,94.0,300000
88657.14,0.88,0.88,231.32,0.2250551986694336,88.0,400000
101107.22,0.86,0.86,263.8,0.24810672283172608,86.0,500000
