evaluation/total.timesteps,evaluation/episode.final_reward,evaluation/episode.return,evaluation/episode.length,evaluation/episode.duration,evaluation/episode.normalized_return,step
25500.0,0.0,0.0,1000.0,1.2086476612091064,0.0,1
74497.06,0.14,0.14,962.52,1.1640835189819336,14.0,100000
123359.7,0.06,0.06,985.56,1.175078763961792,6.0,200000
171991.82,0.1,0.1,970.04,1.1818640613555909,10.0,300000
221406.0,0.0,0.0,1000.0,1.2475717639923096,0.0,400000
271406.0,0.0,0.0,1000.0,1.2454943466186523,0.0,500000
