evaluation/total.timesteps,evaluation/episode.final_reward,evaluation/episode.return,evaluation/episode.length,evaluation/episode.duration,evaluation/episode.normalized_return,step
25500.0,0.0,0.0,1000.0,1.0786324787139892,0.0,1
73352.3,0.18,0.18,914.24,1.0004090976715088,18.0,100000
118984.98,0.22,0.22,914.32,0.9846452856063843,22.0,200000
166861.36,0.02,0.02,996.08,1.0625466203689575,2.0,300000
213547.16,0.2,0.2,917.64,0.9886397695541382,20.0,400000
261418.94,0.08,0.08,952.22,1.0201325416564941,8.0,500000
