evaluation/total.timesteps,evaluation/episode.final_reward,evaluation/episode.return,evaluation/episode.length,evaluation/episode.duration,evaluation/episode.normalized_return,step
25500.0,0.0,0.0,1000.0,1.218746223449707,0.0,1
74314.46,0.14,0.14,955.68,1.175976972579956,14.0,100000
121934.08,0.16,0.16,955.94,1.1763052892684938,16.0,200000
170924.96,0.04,0.04,994.9,1.2053415155410767,4.0,300000
220691.82,0.06,0.06,994.2,1.2289789962768554,6.0,400000
269218.02,0.14,0.14,965.78,1.1729337310791015,14.0,500000
