evaluation/total.timesteps,evaluation/episode.final_reward,evaluation/episode.return,evaluation/episode.length,evaluation/episode.duration,evaluation/episode.normalized_return,step
25500.0,0.0,0.0,1000.0,1.1865343523025513,0.0,1
75197.78,0.04,0.04,981.46,1.187355980873108,4.0,100000
121724.52,0.38,0.38,901.92,1.0748733615875243,38.0,200000
165418.06,0.56,0.56,840.22,1.0001919841766358,56.0,300000
210290.56,0.26,0.26,934.08,1.117406234741211,26.0,400000
255437.54,0.42,0.42,879.4,1.0425002193450927,42.0,500000
