evaluation/total.timesteps,evaluation/episode.final_reward,evaluation/episode.return,evaluation/episode.length,evaluation/episode.duration,evaluation/episode.normalized_return,step
17850.0,0.0,0.0,700.0,0.6823524761199952,0.0,1
41081.28,0.86,0.86,246.74,0.24281272411346436,86.0,100000
53231.4,0.88,0.88,213.52,0.2013949680328369,88.0,200000
63012.04,0.9,0.9,199.22,0.19595084190368653,90.0,300000
71775.94,0.98,0.98,157.36,0.1544394826889038,98.0,400000
81374.24,0.9,0.9,208.68,0.2044512987136841,90.0,500000
