evaluation/total.timesteps,evaluation/episode.final_reward,evaluation/episode.return,evaluation/episode.length,evaluation/episode.duration,evaluation/episode.normalized_return,step
25500.0,0.0,0.0,1000.0,1.4727473258972168,0.0,1
68103.24,0.66,0.66,689.36,0.8635666513442993,66.0,100000
100388.8,0.76,0.76,611.26,0.7637021398544311,76.0,200000
129042.7,0.8,0.8,600.0,0.7503159093856812,80.0,300000
162404.68,0.64,0.64,668.78,0.8344039869308472,64.0,400000
197929.66,0.5,0.5,787.08,0.9870112180709839,50.0,500000
