evaluation/total.timesteps,evaluation/episode.final_reward,evaluation/episode.return,evaluation/episode.length,evaluation/episode.duration,evaluation/episode.normalized_return,step
17850.0,0.0,0.0,700.0,0.7071033048629761,0.0,1
48360.36,0.42,0.42,522.1,0.5116585731506348,42.0,100000
72915.34,0.52,0.52,501.64,0.5007259607315063,52.0,200000
97059.3,0.54,0.54,439.28,0.419495062828064,54.0,300000
116627.8,0.7,0.7,363.7,0.351631817817688,70.0,400000
133607.5,0.88,0.88,301.78,0.2919774055480957,88.0,500000
