evaluation/total.timesteps,evaluation/episode.final_reward,evaluation/episode.return,evaluation/episode.length,evaluation/episode.duration,evaluation/episode.normalized_return,step
25500.0,0.0,0.0,1000.0,1.735683526992798,0.0,1
65889.58,0.76,0.76,613.0,1.0605700540542602,76.0,100000
95404.98,0.82,0.82,578.82,1.0198839044570922,82.0,200000
125404.64,0.82,0.82,604.46,1.011244306564331,82.0,300000
156967.78,0.6,0.6,700.72,1.4597685861587524,60.0,400000
