evaluation/total.timesteps,evaluation/episode.final_reward,evaluation/episode.return,evaluation/episode.length,evaluation/episode.duration,evaluation/episode.normalized_return,step
25500.0,0.0,0.0,1000.0,1.2060057020187378,0.0,1
74931.76,0.1,0.1,982.3,1.1751074600219726,10.0,100000
124297.94,0.06,0.06,985.04,1.1935945272445678,6.0,200000
173484.32,0.06,0.06,983.14,1.1899665403366089,6.0,300000
222796.08,0.02,0.02,991.86,1.233879051208496,2.0,400000
272398.96,0.02,0.02,995.26,1.2303644943237304,2.0,500000
