evaluation/total.timesteps,evaluation/episode.final_reward,evaluation/episode.return,evaluation/episode.length,evaluation/episode.duration,evaluation/episode.normalized_return,step
25500.0,0.0,0.0,1000.0,1.1067361402511597,0.0,1
61491.98,0.84,0.84,482.44,0.5123365116119385,84.0,100000
85556.88,0.82,0.82,463.2,0.4901588821411133,82.0,200000
109370.36,0.72,0.72,511.3,0.5395620489120483,72.0,300000
137304.54,0.74,0.74,540.5,0.5814274501800537,74.0,400000
162678.76,0.76,0.76,517.04,0.5427599573135375,76.0,500000
