evaluation/total.timesteps,evaluation/episode.final_reward,evaluation/episode.return,evaluation/episode.length,evaluation/episode.duration,evaluation/episode.normalized_return,step
25500.0,0.0,0.0,1000.0,1.682646679878235,0.0,1
64508.92,0.88,0.88,577.78,0.9787050962448121,88.0,100000
95102.02,0.7,0.7,658.58,1.0890897941589355,70.0,200000
126407.08,0.88,0.88,556.62,0.9445713472366333,88.0,300000
152577.76,0.9,0.9,506.08,0.8364894580841065,90.0,400000
179863.6,0.82,0.82,560.12,0.9170580625534057,82.0,500000
