evaluation/total.timesteps,evaluation/episode.final_reward,evaluation/episode.return,evaluation/episode.length,evaluation/episode.duration,evaluation/episode.normalized_return,step
17850.0,0.0,0.0,700.0,0.6952571105957032,0.0,1
48237.86,0.52,0.52,520.6,0.49679730415344237,52.0,100000
73077.1,0.54,0.54,480.94,0.4909625339508057,54.0,200000
92879.38,0.78,0.78,350.58,0.35347252368927,78.0,300000
111442.52,0.76,0.76,342.12,0.3526562595367432,76.0,400000
127736.02,0.8,0.8,312.68,0.3118158435821533,80.0,500000
