evaluation/total.timesteps,evaluation/episode.final_reward,evaluation/episode.return,evaluation/episode.length,evaluation/episode.duration,evaluation/episode.normalized_return,step
25500.0,0.0,0.0,1000.0,1.7771749782562256,0.0,1
64903.0,0.8,0.8,595.02,0.9537363815307617,80.0,100000
95729.34,0.76,0.76,594.3,0.9869486618041993,76.0,200000
125083.98,0.76,0.76,614.82,1.0430777311325072,76.0,300000
160191.58,0.32,0.32,835.12,1.3883012008666993,32.0,400000
197499.56,0.76,0.76,577.98,0.968493824005127,76.0,500000
