evaluation/total.timesteps,evaluation/episode.final_reward,evaluation/episode.return,evaluation/episode.length,evaluation/episode.duration,evaluation/episode.normalized_return,step
25500.0,0.0,0.0,1000.0,1.7280664014816285,0.0,1
64028.0,0.82,0.82,571.78,0.9825963735580444,82.0,100000
90609.46,0.96,0.96,484.44,0.7891642045974732,96.0,200000
117462.6,0.8,0.8,565.36,0.9058764982223511,80.0,300000
143423.76,0.9,0.9,488.1,0.8083675861358642,90.0,400000
167555.48,0.92,0.92,475.82,0.770396580696106,92.0,500000
