evaluation/total.timesteps,evaluation/episode.final_reward,evaluation/episode.return,evaluation/episode.length,evaluation/episode.duration,evaluation/episode.normalized_return,step
25500.0,0.0,0.0,1000.0,1.1181033229827881,0.0,1
67887.44,0.54,0.54,709.62,0.7813475513458252,54.0,100000
103580.18,0.62,0.62,688.24,0.7566322898864746,62.0,200000
141444.54,0.24,0.24,877.66,0.9668747806549072,24.0,300000
185372.94,0.38,0.38,802.88,0.8896544981002807,38.0,400000
224268.04,0.32,0.32,825.86,0.9150504875183105,32.0,500000
