evaluation/total.timesteps,evaluation/episode.final_reward,evaluation/episode.return,evaluation/episode.length,evaluation/episode.duration,evaluation/episode.normalized_return,step
17850.0,0.0,0.0,700.0,0.6825982284545898,0.0,1
40217.0,0.88,0.88,227.6,0.22135814189910888,88.0,100000
51512.7,0.94,0.94,181.98,0.1786947441101074,94.0,200000
61259.52,0.88,0.88,213.54,0.2125956678390503,88.0,300000
70860.24,0.9,0.9,204.5,0.2014540719985962,90.0,400000
81625.06,0.9,0.9,206.48,0.21306387424468995,90.0,500000
