evaluation/total.timesteps,evaluation/episode.final_reward,evaluation/episode.return,evaluation/episode.length,evaluation/episode.duration,evaluation/episode.normalized_return,step
25500.0,0.0,0.0,1000.0,1.2233466482162476,0.0,1
75374.66,0.06,0.06,989.9,1.2054266452789306,6.0,100000
124537.38,0.12,0.12,978.4,1.173269691467285,12.0,200000
172903.86,0.18,0.18,963.1,1.152576756477356,18.0,300000
221912.54,0.06,0.06,988.86,1.2088294172286986,6.0,400000
271513.0,0.0,0.0,1000.0,1.1883275890350342,0.0,500000
