evaluation/total.timesteps,evaluation/episode.final_reward,evaluation/episode.return,evaluation/episode.length,evaluation/episode.duration,evaluation/episode.normalized_return,step
17850.0,0.0,0.0,700.0,0.6811074924468994,0.0,1
40872.48,0.88,0.88,227.68,0.2222904634475708,88.0,100000
51290.64,0.92,0.92,188.8,0.18735833168029786,92.0,200000
59885.1,0.96,0.96,163.08,0.16002049446105956,96.0,300000
69011.72,0.92,0.92,196.34,0.1885931062698364,92.0,400000
78225.7,0.96,0.96,182.38,0.18177219867706298,96.0,500000
