evaluation/total.timesteps,evaluation/episode.final_reward,evaluation/episode.return,evaluation/episode.length,evaluation/episode.duration,evaluation/episode.normalized_return,step
25500.0,0.0,0.0,1000.0,1.092837495803833,0.0,1
70250.66,0.48,0.48,766.4,0.8208746767044067,48.0,100000
110641.7,0.28,0.28,826.12,0.9049923610687256,28.0,200000
150880.56,0.3,0.3,834.44,0.9248981094360351,30.0,300000
194711.02,0.16,0.16,887.76,0.971866226196289,16.0,400000
240357.96,0.1,0.1,941.84,1.0311310005187988,10.0,500000
