evaluation/total.timesteps,evaluation/episode.final_reward,evaluation/episode.return,evaluation/episode.length,evaluation/episode.duration,evaluation/episode.normalized_return,step
25500.0,0.0,0.0,1000.0,1.1267493104934692,0.0,1
70600.6,0.38,0.38,801.48,0.8867190551757812,38.0,100000
111330.82,0.3,0.3,822.62,0.9114323663711548,30.0,200000
152046.46,0.36,0.36,829.08,0.9179255867004394,36.0,300000
195972.52,0.12,0.12,912.58,1.011274733543396,12.0,400000
242537.88,0.12,0.12,949.88,1.0581906461715698,12.0,500000
