evaluation/total.timesteps,evaluation/episode.final_reward,evaluation/episode.return,evaluation/episode.length,evaluation/episode.duration,evaluation/episode.normalized_return,step
17850.0,0.0,0.0,700.0,0.6772340154647827,0.0,1
42828.06,0.86,0.86,305.76,0.2926230049133301,86.0,100000
57176.54,0.86,0.86,243.44,0.2307712745666504,86.0,200000
69267.84,0.8,0.8,283.4,0.2736224746704102,80.0,300000
83151.14,0.82,0.82,254.32,0.2516856575012207,82.0,400000
93563.98,1.0,1.0,166.92,0.1517568302154541,100.0,500000
