evaluation/total.timesteps,evaluation/episode.final_reward,evaluation/episode.return,evaluation/episode.length,evaluation/episode.duration,evaluation/episode.normalized_return,step
25500.0,0.0,0.0,1000.0,1.5161347389221191,0.0,1
67677.08,0.54,0.54,714.88,1.0189549493789674,54.0,100000
101486.4,0.62,0.62,648.3,0.9202502822875976,62.0,200000
132458.94,0.76,0.76,583.0,0.8317616558074952,76.0,300000
168308.28,0.42,0.42,803.6,1.1638963747024536,42.0,400000
206425.66,0.5,0.5,748.9,1.0767357444763184,50.0,500000
