evaluation/total.timesteps,evaluation/episode.final_reward,evaluation/episode.return,evaluation/episode.length,evaluation/episode.duration,evaluation/episode.normalized_return,step
25500.0,0.0,0.0,1000.0,1.6838403034210205,0.0,1
70763.64,0.56,0.56,780.32,0.9789341068267823,56.0,100000
111199.52,0.22,0.22,866.48,1.0792233419418336,22.0,200000
156422.6,0.12,0.12,932.36,1.1609480094909668,12.0,300000
201439.98,0.28,0.28,889.26,1.112664155960083,28.0,400000
244755.54,0.42,0.42,846.26,1.0668205785751343,42.0,500000
