evaluation/total.timesteps,evaluation/episode.final_reward,evaluation/episode.return,evaluation/episode.length,evaluation/episode.duration,evaluation/episode.normalized_return,step
25500.0,0.0,0.0,1000.0,1.2601306200027467,0.0,1
74220.88,0.14,0.14,959.62,1.2008906698226929,14.0,100000
122703.82,0.12,0.12,964.56,1.171996431350708,12.0,200000
171596.16,0.02,0.02,995.66,1.232362484931946,2.0,300000
220922.86,0.08,0.08,979.76,1.2282524156570434,8.0,400000
270143.92,0.04,0.04,991.44,1.229381513595581,4.0,500000
