evaluation/total.timesteps,evaluation/episode.final_reward,evaluation/episode.return,evaluation/episode.length,evaluation/episode.duration,evaluation/episode.normalized_return,step
17850.0,0.0,0.0,700.0,0.7241380310058594,0.0,1
40740.56,0.92,0.92,206.88,0.20647600650787354,92.0,100000
50013.28,0.92,0.92,189.52,0.1887616729736328,92.0,200000
58844.56,0.96,0.96,175.3,0.18026669025421144,96.0,300000
68780.78,0.92,0.92,191.74,0.1964273262023926,92.0,400000
78611.56,0.9,0.9,213.5,0.22474365711212158,90.0,500000
